[{"pid":1,"cid":2},{"pid":1,"cid":3},{"pid":1,"cid":4},{"pid":1,"cid":1},{"pid":2,"cid":1},{"pid":2,"cid":4},{"pid":2,"cid":3},{"pid":2,"cid":2},{"pid":3,"cid":2},{"pid":3,"cid":3},{"pid":3,"cid":1},{"pid":4,"cid":4},{"pid":5,"cid":1},{"pid":5,"cid":4},{"pid":5,"cid":3},{"pid":6,"cid":3},{"pid":6,"cid":1},{"pid":7,"cid":3},{"pid":7,"cid":4},{"pid":7,"cid":2},{"pid":8,"cid":2},{"pid":8,"cid":1},{"pid":8,"cid":4},{"pid":8,"cid":3},{"pid":9,"cid":4},{"pid":9,"cid":3},{"pid":10,"cid":2},{"pid":10,"cid":1},{"pid":10,"cid":4},{"pid":10,"cid":3},{"pid":11,"cid":1},{"pid":11,"cid":3},{"pid":12,"cid":4},{"pid":12,"cid":3},{"pid":12,"cid":1},{"pid":12,"cid":2},{"pid":13,"cid":3},{"pid":14,"cid":4},{"pid":14,"cid":1},{"pid":14,"cid":2},{"pid":15,"cid":1},{"pid":15,"cid":3},{"pid":15,"cid":4},{"pid":15,"cid":2},{"pid":16,"cid":1},{"pid":17,"cid":1},{"pid":18,"cid":4},{"pid":18,"cid":2},{"pid":18,"cid":3},{"pid":18,"cid":1},{"pid":19,"cid":2},{"pid":19,"cid":4},{"pid":20,"cid":2},{"pid":20,"cid":1},{"pid":21,"cid":3},{"pid":21,"cid":2},{"pid":21,"cid":4},{"pid":21,"cid":1},{"pid":22,"cid":1},{"pid":22,"cid":4},{"pid":22,"cid":3},{"pid":23,"cid":2},{"pid":23,"cid":4},{"pid":23,"cid":1},{"pid":23,"cid":3},{"pid":24,"cid":3},{"pid":25,"cid":3},{"pid":26,"cid":2},{"pid":26,"cid":4},{"pid":26,"cid":1},{"pid":27,"cid":2},{"pid":28,"cid":4},{"pid":28,"cid":1},{"pid":29,"cid":3},{"pid":29,"cid":4},{"pid":29,"cid":2},{"pid":30,"cid":3},{"pid":30,"cid":4},{"pid":31,"cid":1},{"pid":31,"cid":4},{"pid":32,"cid":1},{"pid":33,"cid":4},{"pid":33,"cid":1},{"pid":33,"cid":2},{"pid":34,"cid":1},{"pid":34,"cid":4},{"pid":34,"cid":3},{"pid":34,"cid":2},{"pid":35,"cid":2},{"pid":36,"cid":3},{"pid":36,"cid":1},{"pid":36,"cid":4},{"pid":36,"cid":2},{"pid":37,"cid":2},{"pid":37,"cid":3},{"pid":38,"cid":1},{"pid":38,"cid":2},{"pid":39,"cid":3},{"pid":40,"cid":3},{"pid":40,"cid":2},{"pid":40,"cid":1},{"pid":40,"cid":4},{"pid":41,"cid":1},{"pid":41,"cid":3},{"pid":41,"cid":2},{"pid":41,"cid":4},{"pid":42,"cid":3},{"pid":42,"cid":2},{"pid":42,"cid":1},{"pid":43,"cid":4},{"pid":43,"cid":1},{"pid":43,"cid":3},{"pid":43,"cid":2},{"pid":44,"cid":3},{"pid":44,"cid":1},{"pid":45,"cid":4},{"pid":45,"cid":2},{"pid":45,"cid":1},{"pid":46,"cid":2},{"pid":46,"cid":4},{"pid":46,"cid":1},{"pid":46,"cid":3},{"pid":47,"cid":3},{"pid":47,"cid":2},{"pid":47,"cid":1},{"pid":47,"cid":4},{"pid":48,"cid":1},{"pid":49,"cid":1},{"pid":50,"cid":1},{"pid":51,"cid":3},{"pid":52,"cid":3},{"pid":53,"cid":1},{"pid":54,"cid":3},{"pid":54,"cid":2},{"pid":55,"cid":1},{"pid":55,"cid":4},{"pid":56,"cid":3},{"pid":56,"cid":1},{"pid":57,"cid":2},{"pid":58,"cid":4},{"pid":59,"cid":4},{"pid":59,"cid":2},{"pid":60,"cid":1},{"pid":60,"cid":2},{"pid":61,"cid":3},{"pid":61,"cid":1},{"pid":62,"cid":2},{"pid":62,"cid":1},{"pid":63,"cid":3},{"pid":63,"cid":4},{"pid":63,"cid":1},{"pid":63,"cid":2},{"pid":64,"cid":2},{"pid":64,"cid":4},{"pid":64,"cid":3},{"pid":65,"cid":1},{"pid":65,"cid":4},{"pid":66,"cid":1},{"pid":66,"cid":2},{"pid":66,"cid":3},{"pid":66,"cid":4},{"pid":67,"cid":1},{"pid":68,"cid":3},{"pid":68,"cid":1},{"pid":68,"cid":2},{"pid":68,"cid":4},{"pid":69,"cid":3},{"pid":69,"cid":4},{"pid":70,"cid":1},{"pid":70,"cid":2},{"pid":70,"cid":3},{"pid":70,"cid":4},{"pid":71,"cid":3},{"pid":71,"cid":4},{"pid":71,"cid":2},{"pid":72,"cid":1},{"pid":72,"cid":3},{"pid":72,"cid":4},{"pid":73,"cid":2},{"pid":73,"cid":3},{"pid":73,"cid":4},{"pid":74,"cid":3},{"pid":74,"cid":1},{"pid":74,"cid":2},{"pid":75,"cid":3},{"pid":75,"cid":4},{"pid":75,"cid":2},{"pid":75,"cid":1},{"pid":76,"cid":1},{"pid":76,"cid":4},{"pid":76,"cid":3},{"pid":77,"cid":1},{"pid":77,"cid":3},{"pid":77,"cid":2},{"pid":78,"cid":3},{"pid":78,"cid":4},{"pid":79,"cid":1},{"pid":79,"cid":4},{"pid":80,"cid":1},{"pid":81,"cid":3},{"pid":81,"cid":2},{"pid":81,"cid":4},{"pid":82,"cid":2},{"pid":82,"cid":4},{"pid":83,"cid":1},{"pid":84,"cid":4},{"pid":85,"cid":1},{"pid":86,"cid":2},{"pid":86,"cid":1},{"pid":86,"cid":4},{"pid":86,"cid":3},{"pid":87,"cid":4},{"pid":87,"cid":2},{"pid":88,"cid":2},{"pid":88,"cid":3},{"pid":88,"cid":1},{"pid":89,"cid":3},{"pid":90,"cid":2},{"pid":90,"cid":3},{"pid":91,"cid":2},{"pid":91,"cid":4},{"pid":91,"cid":3},{"pid":92,"cid":3},{"pid":92,"cid":1},{"pid":92,"cid":2},{"pid":93,"cid":2},{"pid":93,"cid":4},{"pid":93,"cid":1},{"pid":94,"cid":3},{"pid":94,"cid":2},{"pid":94,"cid":1},{"pid":95,"cid":1},{"pid":96,"cid":4},{"pid":96,"cid":1},{"pid":96,"cid":3},{"pid":96,"cid":2},{"pid":97,"cid":3},{"pid":98,"cid":3},{"pid":99,"cid":1},{"pid":99,"cid":2},{"pid":99,"cid":4},{"pid":99,"cid":3},{"pid":100,"cid":3},{"pid":101,"cid":3},{"pid":101,"cid":4},{"pid":101,"cid":2},{"pid":102,"cid":1},{"pid":102,"cid":2},{"pid":102,"cid":4},{"pid":102,"cid":3},{"pid":103,"cid":1},{"pid":103,"cid":2},{"pid":103,"cid":4},{"pid":103,"cid":3},{"pid":104,"cid":1},{"pid":105,"cid":1},{"pid":106,"cid":4},{"pid":106,"cid":3},{"pid":107,"cid":3},{"pid":107,"cid":2},{"pid":108,"cid":1},{"pid":108,"cid":2},{"pid":108,"cid":3},{"pid":108,"cid":4},{"pid":109,"cid":4},{"pid":110,"cid":1},{"pid":110,"cid":3},{"pid":110,"cid":2},{"pid":111,"cid":1},{"pid":111,"cid":4},{"pid":111,"cid":3},{"pid":112,"cid":3},{"pid":113,"cid":2},{"pid":114,"cid":3},{"pid":115,"cid":2},{"pid":115,"cid":3},{"pid":115,"cid":4},{"pid":116,"cid":2},{"pid":116,"cid":3},{"pid":116,"cid":1},{"pid":116,"cid":4},{"pid":117,"cid":4},{"pid":117,"cid":2},{"pid":117,"cid":3},{"pid":117,"cid":1},{"pid":118,"cid":3},{"pid":118,"cid":1},{"pid":118,"cid":2},{"pid":119,"cid":4},{"pid":120,"cid":4},{"pid":120,"cid":2},{"pid":121,"cid":4},{"pid":122,"cid":3},{"pid":123,"cid":4},{"pid":123,"cid":1},{"pid":123,"cid":2},{"pid":124,"cid":3},{"pid":125,"cid":1},{"pid":125,"cid":2},{"pid":125,"cid":3},{"pid":126,"cid":3},{"pid":126,"cid":1},{"pid":126,"cid":2},{"pid":127,"cid":1},{"pid":127,"cid":4},{"pid":128,"cid":3},{"pid":128,"cid":2},{"pid":128,"cid":4},{"pid":128,"cid":1},{"pid":129,"cid":3},{"pid":129,"cid":2},{"pid":130,"cid":4},{"pid":131,"cid":3},{"pid":131,"cid":1},{"pid":131,"cid":2},{"pid":131,"cid":4},{"pid":132,"cid":1},{"pid":132,"cid":4},{"pid":132,"cid":3},{"pid":132,"cid":2},{"pid":133,"cid":3},{"pid":133,"cid":4},{"pid":133,"cid":1},{"pid":133,"cid":2},{"pid":134,"cid":1},{"pid":134,"cid":3},{"pid":135,"cid":4},{"pid":135,"cid":3},{"pid":135,"cid":2},{"pid":135,"cid":1},{"pid":136,"cid":1},{"pid":136,"cid":4},{"pid":136,"cid":2},{"pid":136,"cid":3},{"pid":137,"cid":2},{"pid":137,"cid":1},{"pid":137,"cid":3},{"pid":137,"cid":4},{"pid":138,"cid":4},{"pid":138,"cid":3},{"pid":138,"cid":2},{"pid":139,"cid":1},{"pid":139,"cid":3},{"pid":140,"cid":1},{"pid":141,"cid":2},{"pid":142,"cid":4},{"pid":142,"cid":1},{"pid":143,"cid":2},{"pid":143,"cid":3},{"pid":144,"cid":4},{"pid":144,"cid":1},{"pid":144,"cid":2},{"pid":145,"cid":4},{"pid":145,"cid":2},{"pid":146,"cid":3},{"pid":146,"cid":4},{"pid":147,"cid":1},{"pid":148,"cid":1},{"pid":148,"cid":3},{"pid":148,"cid":4},{"pid":148,"cid":2},{"pid":149,"cid":1},{"pid":150,"cid":2},{"pid":151,"cid":1},{"pid":151,"cid":4},{"pid":151,"cid":3},{"pid":152,"cid":4},{"pid":152,"cid":3},{"pid":152,"cid":2},{"pid":152,"cid":1},{"pid":153,"cid":1},{"pid":153,"cid":4},{"pid":153,"cid":3},{"pid":154,"cid":3},{"pid":154,"cid":2},{"pid":155,"cid":3},{"pid":155,"cid":2},{"pid":155,"cid":4},{"pid":156,"cid":2},{"pid":157,"cid":2},{"pid":157,"cid":1},{"pid":158,"cid":1},{"pid":159,"cid":2},{"pid":159,"cid":4},{"pid":160,"cid":1},{"pid":160,"cid":3},{"pid":160,"cid":2},{"pid":161,"cid":4},{"pid":161,"cid":2},{"pid":161,"cid":1},{"pid":161,"cid":3},{"pid":162,"cid":2},{"pid":163,"cid":3},{"pid":163,"cid":4},{"pid":163,"cid":1},{"pid":164,"cid":1},{"pid":164,"cid":3},{"pid":165,"cid":4},{"pid":165,"cid":1},{"pid":165,"cid":3},{"pid":166,"cid":4},{"pid":167,"cid":3},{"pid":167,"cid":2},{"pid":167,"cid":4},{"pid":168,"cid":3},{"pid":169,"cid":2},{"pid":170,"cid":3},{"pid":171,"cid":4},{"pid":171,"cid":2},{"pid":172,"cid":1},{"pid":172,"cid":3},{"pid":173,"cid":3},{"pid":173,"cid":1},{"pid":173,"cid":2},{"pid":173,"cid":4},{"pid":174,"cid":2},{"pid":175,"cid":1},{"pid":175,"cid":4},{"pid":175,"cid":2},{"pid":175,"cid":3},{"pid":176,"cid":3},{"pid":176,"cid":2},{"pid":176,"cid":1},{"pid":176,"cid":4},{"pid":177,"cid":2},{"pid":177,"cid":3},{"pid":177,"cid":1},{"pid":177,"cid":4},{"pid":178,"cid":1},{"pid":178,"cid":2},{"pid":178,"cid":3},{"pid":179,"cid":4},{"pid":180,"cid":2},{"pid":181,"cid":2},{"pid":181,"cid":3},{"pid":181,"cid":4},{"pid":181,"cid":1},{"pid":182,"cid":3},{"pid":182,"cid":4},{"pid":182,"cid":2},{"pid":183,"cid":1},{"pid":183,"cid":4},{"pid":183,"cid":3},{"pid":183,"cid":2},{"pid":184,"cid":3},{"pid":184,"cid":2},{"pid":185,"cid":2},{"pid":185,"cid":3},{"pid":185,"cid":4},{"pid":185,"cid":1},{"pid":186,"cid":3},{"pid":186,"cid":1},{"pid":186,"cid":4},{"pid":186,"cid":2},{"pid":187,"cid":3},{"pid":188,"cid":1},{"pid":188,"cid":2},{"pid":188,"cid":4},{"pid":188,"cid":3},{"pid":189,"cid":1},{"pid":189,"cid":3},{"pid":190,"cid":3},{"pid":191,"cid":1},{"pid":191,"cid":3},{"pid":192,"cid":4},{"pid":192,"cid":3},{"pid":193,"cid":1},{"pid":193,"cid":2},{"pid":194,"cid":2},{"pid":195,"cid":1},{"pid":195,"cid":3},{"pid":195,"cid":4},{"pid":195,"cid":2},{"pid":196,"cid":1},{"pid":196,"cid":4},{"pid":196,"cid":3},{"pid":196,"cid":2},{"pid":197,"cid":3},{"pid":198,"cid":2},{"pid":198,"cid":1},{"pid":198,"cid":4},{"pid":199,"cid":3},{"pid":199,"cid":1},{"pid":199,"cid":4},{"pid":200,"cid":3},{"pid":200,"cid":1},{"pid":201,"cid":4},{"pid":201,"cid":3},{"pid":201,"cid":1},{"pid":201,"cid":2},{"pid":202,"cid":2},{"pid":202,"cid":3},{"pid":202,"cid":1},{"pid":203,"cid":2},{"pid":203,"cid":3},{"pid":204,"cid":1},{"pid":204,"cid":3},{"pid":205,"cid":4},{"pid":205,"cid":2},{"pid":205,"cid":3},{"pid":205,"cid":1},{"pid":206,"cid":1},{"pid":206,"cid":4},{"pid":207,"cid":1},{"pid":207,"cid":3},{"pid":207,"cid":4},{"pid":207,"cid":2},{"pid":208,"cid":1},{"pid":209,"cid":1},{"pid":209,"cid":3},{"pid":210,"cid":1},{"pid":210,"cid":4},{"pid":210,"cid":3},{"pid":210,"cid":2},{"pid":211,"cid":4},{"pid":212,"cid":3},{"pid":212,"cid":4},{"pid":213,"cid":2},{"pid":213,"cid":4},{"pid":213,"cid":1},{"pid":214,"cid":2},{"pid":214,"cid":3},{"pid":215,"cid":1},{"pid":215,"cid":3},{"pid":215,"cid":4},{"pid":215,"cid":2},{"pid":216,"cid":1},{"pid":216,"cid":2},{"pid":217,"cid":2},{"pid":217,"cid":3},{"pid":217,"cid":4},{"pid":218,"cid":2},{"pid":218,"cid":1},{"pid":218,"cid":3},{"pid":219,"cid":1},{"pid":219,"cid":2},{"pid":219,"cid":4},{"pid":219,"cid":3},{"pid":220,"cid":2},{"pid":220,"cid":4},{"pid":220,"cid":1},{"pid":221,"cid":2},{"pid":221,"cid":3},{"pid":221,"cid":1},{"pid":222,"cid":2},{"pid":222,"cid":1},{"pid":222,"cid":4},{"pid":223,"cid":1},{"pid":223,"cid":2},{"pid":224,"cid":2},{"pid":224,"cid":1},{"pid":225,"cid":1},{"pid":226,"cid":3},{"pid":226,"cid":4},{"pid":226,"cid":1},{"pid":227,"cid":3},{"pid":227,"cid":1},{"pid":228,"cid":3},{"pid":228,"cid":4},{"pid":228,"cid":1},{"pid":228,"cid":2},{"pid":229,"cid":2},{"pid":229,"cid":4},{"pid":230,"cid":1},{"pid":230,"cid":2},{"pid":231,"cid":3},{"pid":231,"cid":1},{"pid":231,"cid":2},{"pid":232,"cid":3},{"pid":232,"cid":1},{"pid":232,"cid":2},{"pid":232,"cid":4},{"pid":233,"cid":1},{"pid":233,"cid":2},{"pid":233,"cid":4},{"pid":233,"cid":3},{"pid":234,"cid":4},{"pid":234,"cid":2},{"pid":235,"cid":2},{"pid":235,"cid":1},{"pid":235,"cid":3},{"pid":236,"cid":4},{"pid":237,"cid":3},{"pid":237,"cid":2},{"pid":237,"cid":1},{"pid":238,"cid":4},{"pid":238,"cid":3},{"pid":238,"cid":2},{"pid":239,"cid":2},{"pid":240,"cid":1},{"pid":240,"cid":4},{"pid":241,"cid":2},{"pid":242,"cid":2},{"pid":243,"cid":4},{"pid":243,"cid":1},{"pid":244,"cid":3},{"pid":244,"cid":4},{"pid":244,"cid":1},{"pid":245,"cid":3},{"pid":245,"cid":4},{"pid":246,"cid":1},{"pid":246,"cid":3},{"pid":246,"cid":4},{"pid":246,"cid":2},{"pid":247,"cid":2},{"pid":248,"cid":4},{"pid":248,"cid":2},{"pid":248,"cid":3},{"pid":248,"cid":1},{"pid":249,"cid":2},{"pid":249,"cid":4},{"pid":249,"cid":3},{"pid":250,"cid":4},{"pid":250,"cid":3},{"pid":251,"cid":4},{"pid":251,"cid":2},{"pid":251,"cid":3},{"pid":252,"cid":3},{"pid":252,"cid":2},{"pid":253,"cid":1},{"pid":254,"cid":3},{"pid":254,"cid":2},{"pid":255,"cid":4},{"pid":256,"cid":4},{"pid":256,"cid":1},{"pid":257,"cid":3},{"pid":257,"cid":2},{"pid":257,"cid":1},{"pid":258,"cid":2},{"pid":258,"cid":4},{"pid":258,"cid":3},{"pid":259,"cid":1},{"pid":259,"cid":3},{"pid":260,"cid":3},{"pid":260,"cid":4},{"pid":261,"cid":1},{"pid":262,"cid":2},{"pid":262,"cid":4},{"pid":262,"cid":3},{"pid":263,"cid":3},{"pid":263,"cid":2},{"pid":264,"cid":2},{"pid":265,"cid":3},{"pid":265,"cid":4},{"pid":265,"cid":2},{"pid":265,"cid":1},{"pid":266,"cid":1},{"pid":266,"cid":3},{"pid":266,"cid":4},{"pid":267,"cid":4},{"pid":267,"cid":2},{"pid":267,"cid":1},{"pid":268,"cid":1},{"pid":269,"cid":3},{"pid":269,"cid":4},{"pid":269,"cid":1},{"pid":269,"cid":2},{"pid":270,"cid":1},{"pid":270,"cid":2},{"pid":270,"cid":3},{"pid":271,"cid":1},{"pid":271,"cid":4},{"pid":272,"cid":3},{"pid":272,"cid":4},{"pid":273,"cid":4},{"pid":274,"cid":2},{"pid":274,"cid":4},{"pid":274,"cid":1},{"pid":274,"cid":3},{"pid":275,"cid":3},{"pid":276,"cid":1},{"pid":276,"cid":3},{"pid":276,"cid":2},{"pid":276,"cid":4},{"pid":277,"cid":1},{"pid":277,"cid":4},{"pid":277,"cid":2},{"pid":278,"cid":1},{"pid":278,"cid":2},{"pid":278,"cid":3},{"pid":279,"cid":1},{"pid":280,"cid":4},{"pid":280,"cid":1},{"pid":280,"cid":2},{"pid":280,"cid":3},{"pid":281,"cid":2},{"pid":281,"cid":4},{"pid":281,"cid":1},{"pid":281,"cid":3},{"pid":282,"cid":4},{"pid":282,"cid":3},{"pid":282,"cid":1},{"pid":283,"cid":2},{"pid":283,"cid":3},{"pid":283,"cid":1},{"pid":284,"cid":2},{"pid":285,"cid":3},{"pid":285,"cid":2},{"pid":285,"cid":4},{"pid":285,"cid":1},{"pid":286,"cid":3},{"pid":287,"cid":2},{"pid":287,"cid":3},{"pid":287,"cid":4},{"pid":288,"cid":2},{"pid":288,"cid":3},{"pid":288,"cid":4},{"pid":289,"cid":2},{"pid":289,"cid":3},{"pid":289,"cid":1},{"pid":289,"cid":4},{"pid":290,"cid":1},{"pid":290,"cid":4},{"pid":291,"cid":3},{"pid":291,"cid":1},{"pid":291,"cid":2},{"pid":291,"cid":4},{"pid":292,"cid":4},{"pid":293,"cid":1},{"pid":293,"cid":2},{"pid":293,"cid":4},{"pid":294,"cid":4},{"pid":295,"cid":1},{"pid":296,"cid":2},{"pid":296,"cid":1},{"pid":296,"cid":4},{"pid":296,"cid":3},{"pid":297,"cid":2},{"pid":297,"cid":4},{"pid":298,"cid":1},{"pid":298,"cid":4},{"pid":299,"cid":2},{"pid":299,"cid":4},{"pid":300,"cid":4},{"pid":300,"cid":1},{"pid":300,"cid":2},{"pid":300,"cid":3},{"pid":301,"cid":3},{"pid":301,"cid":2},{"pid":302,"cid":3},{"pid":302,"cid":2},{"pid":303,"cid":1},{"pid":303,"cid":2},{"pid":304,"cid":4},{"pid":305,"cid":1},{"pid":305,"cid":3},{"pid":306,"cid":1},{"pid":307,"cid":2},{"pid":307,"cid":3},{"pid":308,"cid":2},{"pid":308,"cid":4},{"pid":308,"cid":1},{"pid":309,"cid":3},{"pid":309,"cid":1},{"pid":309,"cid":2},{"pid":309,"cid":4},{"pid":310,"cid":2},{"pid":310,"cid":4},{"pid":310,"cid":1},{"pid":310,"cid":3},{"pid":311,"cid":1},{"pid":312,"cid":2},{"pid":312,"cid":3},{"pid":312,"cid":4},{"pid":313,"cid":1},{"pid":314,"cid":4},{"pid":314,"cid":3},{"pid":314,"cid":1},{"pid":315,"cid":1},{"pid":315,"cid":4},{"pid":315,"cid":3},{"pid":315,"cid":2},{"pid":316,"cid":2},{"pid":316,"cid":1},{"pid":316,"cid":3},{"pid":317,"cid":3},{"pid":317,"cid":4},{"pid":317,"cid":1},{"pid":317,"cid":2},{"pid":318,"cid":4},{"pid":318,"cid":2},{"pid":318,"cid":3},{"pid":319,"cid":2},{"pid":319,"cid":4},{"pid":319,"cid":1},{"pid":319,"cid":3},{"pid":320,"cid":1},{"pid":320,"cid":4},{"pid":320,"cid":2},{"pid":321,"cid":2},{"pid":321,"cid":4},{"pid":322,"cid":3},{"pid":322,"cid":2},{"pid":322,"cid":1},{"pid":322,"cid":4},{"pid":323,"cid":1},{"pid":323,"cid":2},{"pid":323,"cid":3},{"pid":323,"cid":4},{"pid":324,"cid":2},{"pid":325,"cid":1},{"pid":325,"cid":3},{"pid":325,"cid":2},{"pid":326,"cid":4},{"pid":326,"cid":2},{"pid":327,"cid":2},{"pid":327,"cid":4},{"pid":327,"cid":3},{"pid":328,"cid":3},{"pid":329,"cid":3},{"pid":329,"cid":1},{"pid":329,"cid":2},{"pid":330,"cid":1},{"pid":331,"cid":2},{"pid":331,"cid":3},{"pid":331,"cid":1},{"pid":331,"cid":4},{"pid":332,"cid":4},{"pid":332,"cid":1},{"pid":333,"cid":2},{"pid":333,"cid":3},{"pid":333,"cid":1},{"pid":333,"cid":4},{"pid":334,"cid":4},{"pid":334,"cid":2},{"pid":335,"cid":2},{"pid":335,"cid":3},{"pid":336,"cid":4},{"pid":336,"cid":1},{"pid":336,"cid":2},{"pid":337,"cid":3},{"pid":337,"cid":1},{"pid":337,"cid":4},{"pid":338,"cid":4},{"pid":338,"cid":1},{"pid":338,"cid":2},{"pid":339,"cid":4},{"pid":339,"cid":1},{"pid":340,"cid":4},{"pid":341,"cid":3},{"pid":342,"cid":4},{"pid":342,"cid":3},{"pid":342,"cid":2},{"pid":343,"cid":4},{"pid":343,"cid":1},{"pid":344,"cid":4},{"pid":345,"cid":3},{"pid":345,"cid":1},{"pid":345,"cid":2},{"pid":345,"cid":4},{"pid":346,"cid":2},{"pid":346,"cid":4},{"pid":346,"cid":3},{"pid":347,"cid":3},{"pid":347,"cid":1},{"pid":348,"cid":2},{"pid":348,"cid":3},{"pid":349,"cid":3},{"pid":349,"cid":4},{"pid":350,"cid":1},{"pid":350,"cid":4},{"pid":351,"cid":4},{"pid":351,"cid":2},{"pid":352,"cid":3},{"pid":352,"cid":1},{"pid":352,"cid":4},{"pid":352,"cid":2},{"pid":353,"cid":3},{"pid":354,"cid":1},{"pid":354,"cid":2},{"pid":354,"cid":4},{"pid":355,"cid":3},{"pid":356,"cid":4},{"pid":356,"cid":1},{"pid":357,"cid":3},{"pid":357,"cid":1},{"pid":357,"cid":2},{"pid":358,"cid":4},{"pid":358,"cid":2},{"pid":358,"cid":3},{"pid":359,"cid":4},{"pid":359,"cid":3},{"pid":359,"cid":2},{"pid":360,"cid":4},{"pid":360,"cid":2},{"pid":360,"cid":3},{"pid":361,"cid":1},{"pid":361,"cid":3},{"pid":362,"cid":1},{"pid":362,"cid":3},{"pid":362,"cid":2},{"pid":362,"cid":4},{"pid":363,"cid":2},{"pid":364,"cid":1},{"pid":365,"cid":3},{"pid":366,"cid":4},{"pid":366,"cid":3},{"pid":367,"cid":2},{"pid":367,"cid":3},{"pid":368,"cid":4},{"pid":368,"cid":2},{"pid":369,"cid":2},{"pid":369,"cid":1},{"pid":369,"cid":3},{"pid":369,"cid":4},{"pid":370,"cid":1},{"pid":370,"cid":4},{"pid":370,"cid":2},{"pid":370,"cid":3},{"pid":371,"cid":4},{"pid":372,"cid":4},{"pid":373,"cid":3},{"pid":374,"cid":2},{"pid":374,"cid":1},{"pid":375,"cid":4},{"pid":376,"cid":1},{"pid":376,"cid":4},{"pid":376,"cid":3},{"pid":376,"cid":2},{"pid":377,"cid":2},{"pid":377,"cid":4},{"pid":378,"cid":2},{"pid":379,"cid":3},{"pid":379,"cid":1},{"pid":379,"cid":4},{"pid":379,"cid":2},{"pid":380,"cid":3},{"pid":381,"cid":1},{"pid":381,"cid":2},{"pid":382,"cid":4},{"pid":383,"cid":2},{"pid":383,"cid":4},{"pid":383,"cid":1},{"pid":383,"cid":3},{"pid":384,"cid":2},{"pid":384,"cid":1},{"pid":385,"cid":1},{"pid":386,"cid":2},{"pid":386,"cid":1},{"pid":386,"cid":4},{"pid":386,"cid":3},{"pid":387,"cid":3},{"pid":387,"cid":2},{"pid":387,"cid":4},{"pid":387,"cid":1},{"pid":388,"cid":4},{"pid":388,"cid":3},{"pid":389,"cid":3},{"pid":390,"cid":4},{"pid":390,"cid":2},{"pid":390,"cid":1},{"pid":391,"cid":1},{"pid":391,"cid":2},{"pid":392,"cid":3},{"pid":392,"cid":1},{"pid":392,"cid":4},{"pid":392,"cid":2},{"pid":393,"cid":1},{"pid":393,"cid":2},{"pid":393,"cid":4},{"pid":393,"cid":3},{"pid":394,"cid":3},{"pid":394,"cid":2},{"pid":395,"cid":4},{"pid":395,"cid":3},{"pid":396,"cid":3},{"pid":396,"cid":1},{"pid":397,"cid":2},{"pid":397,"cid":4},{"pid":397,"cid":3},{"pid":397,"cid":1},{"pid":398,"cid":1},{"pid":398,"cid":2},{"pid":398,"cid":3},{"pid":398,"cid":4},{"pid":399,"cid":3},{"pid":399,"cid":1},{"pid":399,"cid":2},{"pid":400,"cid":2},{"pid":400,"cid":4},{"pid":401,"cid":1},{"pid":401,"cid":2},{"pid":401,"cid":4},{"pid":401,"cid":3},{"pid":402,"cid":1},{"pid":402,"cid":2},{"pid":402,"cid":3},{"pid":403,"cid":2},{"pid":403,"cid":4},{"pid":403,"cid":1},{"pid":403,"cid":3},{"pid":404,"cid":4},{"pid":404,"cid":1},{"pid":405,"cid":1},{"pid":406,"cid":3},{"pid":406,"cid":2},{"pid":406,"cid":4},{"pid":406,"cid":1},{"pid":407,"cid":1},{"pid":407,"cid":2},{"pid":407,"cid":3},{"pid":408,"cid":4},{"pid":408,"cid":2},{"pid":409,"cid":2},{"pid":409,"cid":1},{"pid":410,"cid":4},{"pid":410,"cid":1},{"pid":411,"cid":3},{"pid":411,"cid":2},{"pid":412,"cid":2},{"pid":413,"cid":3},{"pid":413,"cid":1},{"pid":413,"cid":2},{"pid":414,"cid":3},{"pid":415,"cid":4},{"pid":415,"cid":2},{"pid":416,"cid":3},{"pid":416,"cid":2},{"pid":416,"cid":4},{"pid":416,"cid":1},{"pid":417,"cid":4},{"pid":418,"cid":1},{"pid":418,"cid":3},{"pid":418,"cid":4},{"pid":419,"cid":4},{"pid":419,"cid":1},{"pid":419,"cid":3},{"pid":419,"cid":2},{"pid":420,"cid":3},{"pid":420,"cid":4},{"pid":420,"cid":2},{"pid":420,"cid":1},{"pid":421,"cid":2},{"pid":422,"cid":1},{"pid":422,"cid":4},{"pid":422,"cid":2},{"pid":422,"cid":3},{"pid":423,"cid":1},{"pid":423,"cid":2},{"pid":423,"cid":4},{"pid":424,"cid":1},{"pid":425,"cid":4},{"pid":425,"cid":1},{"pid":426,"cid":3},{"pid":426,"cid":1},{"pid":426,"cid":4},{"pid":426,"cid":2},{"pid":427,"cid":3},{"pid":427,"cid":2},{"pid":427,"cid":1},{"pid":428,"cid":2},{"pid":428,"cid":3},{"pid":429,"cid":3},{"pid":430,"cid":4},{"pid":430,"cid":1},{"pid":431,"cid":1},{"pid":431,"cid":4},{"pid":431,"cid":2},{"pid":432,"cid":1},{"pid":432,"cid":4},{"pid":432,"cid":2},{"pid":433,"cid":4},{"pid":433,"cid":3},{"pid":433,"cid":1},{"pid":433,"cid":2},{"pid":434,"cid":3},{"pid":434,"cid":1},{"pid":434,"cid":4},{"pid":435,"cid":1},{"pid":435,"cid":3},{"pid":436,"cid":1},{"pid":437,"cid":3},{"pid":437,"cid":1},{"pid":437,"cid":2},{"pid":438,"cid":2},{"pid":439,"cid":3},{"pid":439,"cid":4},{"pid":439,"cid":2},{"pid":439,"cid":1},{"pid":440,"cid":4},{"pid":440,"cid":2},{"pid":441,"cid":4},{"pid":441,"cid":1},{"pid":442,"cid":4},{"pid":442,"cid":3},{"pid":442,"cid":2},{"pid":443,"cid":1},{"pid":443,"cid":3},{"pid":443,"cid":2},{"pid":444,"cid":1},{"pid":444,"cid":4},{"pid":445,"cid":4},{"pid":445,"cid":1},{"pid":446,"cid":2},{"pid":446,"cid":3},{"pid":446,"cid":1},{"pid":447,"cid":3},{"pid":448,"cid":3},{"pid":448,"cid":2},{"pid":449,"cid":3},{"pid":449,"cid":4},{"pid":449,"cid":1},{"pid":450,"cid":2},{"pid":450,"cid":4},{"pid":450,"cid":3},{"pid":451,"cid":1},{"pid":451,"cid":3},{"pid":451,"cid":4},{"pid":451,"cid":2},{"pid":452,"cid":4},{"pid":453,"cid":4},{"pid":453,"cid":3},{"pid":453,"cid":1},{"pid":454,"cid":2},{"pid":454,"cid":3},{"pid":455,"cid":1},{"pid":455,"cid":4},{"pid":455,"cid":3},{"pid":456,"cid":3},{"pid":456,"cid":2},{"pid":456,"cid":1},{"pid":456,"cid":4},{"pid":457,"cid":1},{"pid":457,"cid":3},{"pid":457,"cid":4},{"pid":458,"cid":3},{"pid":458,"cid":1},{"pid":459,"cid":1},{"pid":459,"cid":2},{"pid":459,"cid":3},{"pid":460,"cid":3},{"pid":460,"cid":2},{"pid":460,"cid":1},{"pid":460,"cid":4},{"pid":461,"cid":1},{"pid":462,"cid":2},{"pid":463,"cid":3},{"pid":464,"cid":1},{"pid":465,"cid":3},{"pid":465,"cid":2},{"pid":465,"cid":4},{"pid":465,"cid":1},{"pid":466,"cid":4},{"pid":466,"cid":2},{"pid":467,"cid":4},{"pid":467,"cid":2},{"pid":467,"cid":3},{"pid":468,"cid":2},{"pid":469,"cid":2},{"pid":470,"cid":4},{"pid":470,"cid":3},{"pid":470,"cid":2},{"pid":471,"cid":2},{"pid":471,"cid":1},{"pid":472,"cid":1},{"pid":472,"cid":3},{"pid":472,"cid":4},{"pid":473,"cid":1},{"pid":473,"cid":4},{"pid":473,"cid":3},{"pid":474,"cid":1},{"pid":474,"cid":2},{"pid":475,"cid":3},{"pid":475,"cid":1},{"pid":475,"cid":2},{"pid":475,"cid":4},{"pid":476,"cid":4},{"pid":476,"cid":2},{"pid":477,"cid":2},{"pid":478,"cid":3},{"pid":478,"cid":1},{"pid":478,"cid":2},{"pid":479,"cid":2},{"pid":479,"cid":1},{"pid":479,"cid":4},{"pid":479,"cid":3},{"pid":480,"cid":3},{"pid":480,"cid":1},{"pid":480,"cid":2},{"pid":481,"cid":3},{"pid":481,"cid":4},{"pid":481,"cid":1},{"pid":481,"cid":2},{"pid":482,"cid":2},{"pid":482,"cid":4},{"pid":483,"cid":1},{"pid":484,"cid":4},{"pid":484,"cid":2},{"pid":484,"cid":3},{"pid":485,"cid":2},{"pid":485,"cid":3},{"pid":486,"cid":4},{"pid":486,"cid":3},{"pid":487,"cid":3},{"pid":487,"cid":1},{"pid":487,"cid":4},{"pid":488,"cid":4},{"pid":488,"cid":3},{"pid":488,"cid":2},{"pid":488,"cid":1},{"pid":489,"cid":2},{"pid":489,"cid":3},{"pid":489,"cid":1},{"pid":490,"cid":2},{"pid":490,"cid":1},{"pid":490,"cid":3},{"pid":491,"cid":1},{"pid":491,"cid":3},{"pid":492,"cid":2},{"pid":492,"cid":4},{"pid":493,"cid":1},{"pid":493,"cid":3},{"pid":493,"cid":4},{"pid":493,"cid":2},{"pid":494,"cid":3},{"pid":495,"cid":1},{"pid":495,"cid":4},{"pid":495,"cid":2},{"pid":496,"cid":1},{"pid":497,"cid":2},{"pid":498,"cid":1},{"pid":498,"cid":2},{"pid":498,"cid":4},{"pid":499,"cid":3},{"pid":499,"cid":4},{"pid":499,"cid":1},{"pid":500,"cid":1},{"pid":500,"cid":2},{"pid":500,"cid":4},{"pid":500,"cid":3},{"pid":501,"cid":3},{"pid":501,"cid":1},{"pid":501,"cid":2},{"pid":501,"cid":4},{"pid":502,"cid":1},{"pid":502,"cid":3},{"pid":503,"cid":1},{"pid":504,"cid":1},{"pid":504,"cid":3},{"pid":504,"cid":4},{"pid":505,"cid":1},{"pid":505,"cid":4},{"pid":506,"cid":4},{"pid":507,"cid":3},{"pid":507,"cid":2},{"pid":507,"cid":1},{"pid":508,"cid":2},{"pid":509,"cid":3},{"pid":509,"cid":2},{"pid":509,"cid":4},{"pid":509,"cid":1},{"pid":510,"cid":2},{"pid":511,"cid":3},{"pid":511,"cid":1},{"pid":512,"cid":4},{"pid":512,"cid":3},{"pid":513,"cid":3},{"pid":513,"cid":4},{"pid":513,"cid":2},{"pid":514,"cid":2},{"pid":514,"cid":1},{"pid":514,"cid":3},{"pid":514,"cid":4},{"pid":515,"cid":1},{"pid":515,"cid":3},{"pid":515,"cid":4},{"pid":516,"cid":4},{"pid":516,"cid":2},{"pid":516,"cid":1},{"pid":517,"cid":4},{"pid":517,"cid":2},{"pid":517,"cid":1},{"pid":518,"cid":4},{"pid":518,"cid":2},{"pid":519,"cid":2},{"pid":519,"cid":4},{"pid":520,"cid":1},{"pid":520,"cid":2},{"pid":520,"cid":4},{"pid":520,"cid":3},{"pid":521,"cid":4},{"pid":521,"cid":3},{"pid":521,"cid":1},{"pid":521,"cid":2},{"pid":522,"cid":1},{"pid":523,"cid":3},{"pid":523,"cid":4},{"pid":523,"cid":1},{"pid":523,"cid":2},{"pid":524,"cid":4},{"pid":524,"cid":2},{"pid":524,"cid":3},{"pid":525,"cid":2},{"pid":526,"cid":3},{"pid":527,"cid":4},{"pid":527,"cid":1},{"pid":527,"cid":2},{"pid":527,"cid":3},{"pid":528,"cid":4},{"pid":528,"cid":3},{"pid":528,"cid":2},{"pid":529,"cid":4},{"pid":529,"cid":1},{"pid":530,"cid":2},{"pid":531,"cid":1},{"pid":532,"cid":3},{"pid":532,"cid":2},{"pid":532,"cid":4},{"pid":532,"cid":1},{"pid":533,"cid":3},{"pid":533,"cid":4},{"pid":534,"cid":4},{"pid":534,"cid":2},{"pid":534,"cid":1},{"pid":534,"cid":3},{"pid":535,"cid":1},{"pid":535,"cid":2},{"pid":535,"cid":4},{"pid":535,"cid":3},{"pid":536,"cid":3},{"pid":536,"cid":4},{"pid":536,"cid":1},{"pid":536,"cid":2},{"pid":537,"cid":2},{"pid":537,"cid":4},{"pid":537,"cid":3},{"pid":537,"cid":1},{"pid":538,"cid":2},{"pid":538,"cid":4},{"pid":538,"cid":1},{"pid":538,"cid":3},{"pid":539,"cid":1},{"pid":539,"cid":2},{"pid":539,"cid":3},{"pid":540,"cid":4},{"pid":540,"cid":2},{"pid":540,"cid":1},{"pid":540,"cid":3},{"pid":541,"cid":3},{"pid":541,"cid":1},{"pid":541,"cid":2},{"pid":542,"cid":4},{"pid":543,"cid":1},{"pid":543,"cid":4},{"pid":543,"cid":2},{"pid":543,"cid":3},{"pid":544,"cid":3},{"pid":544,"cid":4},{"pid":544,"cid":2},{"pid":545,"cid":4},{"pid":546,"cid":4},{"pid":546,"cid":3},{"pid":546,"cid":1},{"pid":546,"cid":2},{"pid":547,"cid":3},{"pid":547,"cid":1},{"pid":547,"cid":4},{"pid":547,"cid":2},{"pid":548,"cid":2},{"pid":549,"cid":4},{"pid":549,"cid":2},{"pid":550,"cid":4},{"pid":550,"cid":2},{"pid":550,"cid":1},{"pid":551,"cid":1},{"pid":552,"cid":3},{"pid":552,"cid":1},{"pid":553,"cid":2},{"pid":553,"cid":3},{"pid":553,"cid":4},{"pid":554,"cid":4},{"pid":554,"cid":1},{"pid":554,"cid":3},{"pid":554,"cid":2},{"pid":555,"cid":3},{"pid":555,"cid":1},{"pid":556,"cid":3},{"pid":556,"cid":4},{"pid":556,"cid":1},{"pid":557,"cid":4},{"pid":557,"cid":3},{"pid":557,"cid":2},{"pid":558,"cid":4},{"pid":558,"cid":1},{"pid":558,"cid":2},{"pid":558,"cid":3},{"pid":559,"cid":2},{"pid":559,"cid":3},{"pid":559,"cid":1},{"pid":559,"cid":4},{"pid":560,"cid":2},{"pid":560,"cid":4},{"pid":560,"cid":1},{"pid":561,"cid":3},{"pid":561,"cid":4},{"pid":562,"cid":2},{"pid":563,"cid":3},{"pid":563,"cid":4},{"pid":563,"cid":2},{"pid":564,"cid":1},{"pid":564,"cid":3},{"pid":565,"cid":3},{"pid":565,"cid":4},{"pid":565,"cid":1},{"pid":565,"cid":2},{"pid":566,"cid":2},{"pid":566,"cid":1},{"pid":566,"cid":4},{"pid":566,"cid":3},{"pid":567,"cid":3},{"pid":567,"cid":1},{"pid":567,"cid":2},{"pid":568,"cid":3},{"pid":569,"cid":2},{"pid":569,"cid":3},{"pid":569,"cid":4},{"pid":569,"cid":1},{"pid":570,"cid":1},{"pid":570,"cid":4},{"pid":570,"cid":3},{"pid":571,"cid":4},{"pid":571,"cid":2},{"pid":571,"cid":1},{"pid":572,"cid":4},{"pid":573,"cid":3},{"pid":573,"cid":4},{"pid":573,"cid":1},{"pid":574,"cid":3},{"pid":574,"cid":1},{"pid":575,"cid":2},{"pid":576,"cid":2},{"pid":576,"cid":1},{"pid":576,"cid":3},{"pid":577,"cid":3},{"pid":578,"cid":3},{"pid":579,"cid":4},{"pid":579,"cid":2},{"pid":580,"cid":2},{"pid":580,"cid":4},{"pid":580,"cid":1},{"pid":581,"cid":2},{"pid":581,"cid":4},{"pid":581,"cid":3},{"pid":582,"cid":2},{"pid":583,"cid":3},{"pid":583,"cid":2},{"pid":584,"cid":2},{"pid":584,"cid":4},{"pid":584,"cid":1},{"pid":584,"cid":3},{"pid":585,"cid":1},{"pid":585,"cid":4},{"pid":586,"cid":3},{"pid":586,"cid":1},{"pid":586,"cid":4},{"pid":586,"cid":2},{"pid":587,"cid":1},{"pid":587,"cid":2},{"pid":588,"cid":1},{"pid":589,"cid":2},{"pid":589,"cid":3},{"pid":589,"cid":4},{"pid":590,"cid":2},{"pid":590,"cid":4},{"pid":590,"cid":3},{"pid":591,"cid":1},{"pid":592,"cid":3},{"pid":592,"cid":4},{"pid":592,"cid":1},{"pid":592,"cid":2},{"pid":593,"cid":2},{"pid":593,"cid":3},{"pid":593,"cid":1},{"pid":594,"cid":3},{"pid":594,"cid":1},{"pid":595,"cid":1},{"pid":595,"cid":4},{"pid":595,"cid":2},{"pid":595,"cid":3},{"pid":596,"cid":2},{"pid":597,"cid":1},{"pid":597,"cid":3},{"pid":598,"cid":1},{"pid":598,"cid":3},{"pid":599,"cid":3},{"pid":599,"cid":1},{"pid":600,"cid":2},{"pid":600,"cid":4},{"pid":600,"cid":1},{"pid":600,"cid":3},{"pid":601,"cid":4},{"pid":601,"cid":1},{"pid":602,"cid":3},{"pid":602,"cid":1},{"pid":603,"cid":1},{"pid":604,"cid":2},{"pid":605,"cid":3},{"pid":605,"cid":4},{"pid":605,"cid":2},{"pid":606,"cid":1},{"pid":606,"cid":2},{"pid":606,"cid":3},{"pid":606,"cid":4},{"pid":607,"cid":4},{"pid":607,"cid":3},{"pid":607,"cid":1},{"pid":607,"cid":2},{"pid":608,"cid":3},{"pid":609,"cid":2},{"pid":609,"cid":4},{"pid":609,"cid":3},{"pid":610,"cid":1},{"pid":610,"cid":3},{"pid":610,"cid":4},{"pid":611,"cid":3},{"pid":611,"cid":4},{"pid":612,"cid":1},{"pid":612,"cid":4},{"pid":612,"cid":2},{"pid":613,"cid":2},{"pid":613,"cid":1},{"pid":613,"cid":3},{"pid":613,"cid":4},{"pid":614,"cid":4},{"pid":614,"cid":3},{"pid":614,"cid":1},{"pid":614,"cid":2},{"pid":615,"cid":3},{"pid":615,"cid":2},{"pid":615,"cid":4},{"pid":615,"cid":1},{"pid":616,"cid":1},{"pid":616,"cid":2},{"pid":617,"cid":1},{"pid":618,"cid":3},{"pid":619,"cid":4},{"pid":620,"cid":1},{"pid":620,"cid":3},{"pid":620,"cid":2},{"pid":621,"cid":4},{"pid":621,"cid":3},{"pid":622,"cid":2},{"pid":622,"cid":1},{"pid":622,"cid":4},{"pid":622,"cid":3},{"pid":623,"cid":3},{"pid":623,"cid":1},{"pid":624,"cid":1},{"pid":624,"cid":3},{"pid":624,"cid":2},{"pid":624,"cid":4},{"pid":625,"cid":2},{"pid":626,"cid":1},{"pid":626,"cid":3},{"pid":627,"cid":4},{"pid":627,"cid":2},{"pid":628,"cid":1},{"pid":629,"cid":2},{"pid":629,"cid":4},{"pid":629,"cid":3},{"pid":630,"cid":4},{"pid":630,"cid":3},{"pid":631,"cid":3},{"pid":631,"cid":2},{"pid":631,"cid":4},{"pid":632,"cid":1},{"pid":633,"cid":1},{"pid":634,"cid":2},{"pid":634,"cid":3},{"pid":635,"cid":1},{"pid":635,"cid":2},{"pid":635,"cid":4},{"pid":636,"cid":3},{"pid":636,"cid":1},{"pid":636,"cid":2},{"pid":636,"cid":4},{"pid":637,"cid":1},{"pid":637,"cid":4},{"pid":638,"cid":2},{"pid":639,"cid":2},{"pid":639,"cid":1},{"pid":640,"cid":3},{"pid":640,"cid":4},{"pid":641,"cid":4},{"pid":641,"cid":1},{"pid":641,"cid":2},{"pid":641,"cid":3},{"pid":642,"cid":2},{"pid":643,"cid":4},{"pid":644,"cid":3},{"pid":645,"cid":1},{"pid":645,"cid":4},{"pid":645,"cid":2},{"pid":645,"cid":3},{"pid":646,"cid":4},{"pid":646,"cid":2},{"pid":647,"cid":2},{"pid":648,"cid":2},{"pid":648,"cid":3},{"pid":648,"cid":4},{"pid":649,"cid":1},{"pid":649,"cid":3},{"pid":649,"cid":4},{"pid":649,"cid":2},{"pid":650,"cid":1},{"pid":650,"cid":2},{"pid":650,"cid":4},{"pid":651,"cid":1},{"pid":651,"cid":3},{"pid":651,"cid":2},{"pid":651,"cid":4},{"pid":652,"cid":3},{"pid":652,"cid":4},{"pid":652,"cid":1},{"pid":652,"cid":2},{"pid":653,"cid":4},{"pid":653,"cid":2},{"pid":653,"cid":3},{"pid":653,"cid":1},{"pid":654,"cid":3},{"pid":654,"cid":4},{"pid":654,"cid":2},{"pid":654,"cid":1},{"pid":655,"cid":4},{"pid":656,"cid":2},{"pid":656,"cid":1},{"pid":657,"cid":4},{"pid":657,"cid":2},{"pid":657,"cid":1},{"pid":658,"cid":4},{"pid":658,"cid":2},{"pid":659,"cid":1},{"pid":660,"cid":1},{"pid":660,"cid":3},{"pid":661,"cid":3},{"pid":662,"cid":2},{"pid":662,"cid":4},{"pid":663,"cid":3},{"pid":664,"cid":4},{"pid":664,"cid":2},{"pid":664,"cid":3},{"pid":665,"cid":1},{"pid":665,"cid":4},{"pid":666,"cid":3},{"pid":666,"cid":2},{"pid":667,"cid":4},{"pid":667,"cid":1},{"pid":667,"cid":3},{"pid":668,"cid":3},{"pid":668,"cid":2},{"pid":668,"cid":4},{"pid":668,"cid":1},{"pid":669,"cid":4},{"pid":669,"cid":2},{"pid":669,"cid":1},{"pid":669,"cid":3},{"pid":670,"cid":3},{"pid":671,"cid":3},{"pid":671,"cid":1},{"pid":672,"cid":2},{"pid":672,"cid":3},{"pid":672,"cid":4},{"pid":672,"cid":1},{"pid":673,"cid":3},{"pid":673,"cid":4},{"pid":673,"cid":2},{"pid":673,"cid":1},{"pid":674,"cid":1},{"pid":674,"cid":3},{"pid":675,"cid":3},{"pid":675,"cid":2},{"pid":675,"cid":1},{"pid":676,"cid":3},{"pid":676,"cid":4},{"pid":677,"cid":1},{"pid":677,"cid":3},{"pid":677,"cid":4},{"pid":677,"cid":2},{"pid":678,"cid":4},{"pid":678,"cid":1},{"pid":678,"cid":3},{"pid":678,"cid":2},{"pid":679,"cid":3},{"pid":679,"cid":2},{"pid":679,"cid":4},{"pid":679,"cid":1},{"pid":680,"cid":4},{"pid":681,"cid":2},{"pid":681,"cid":1},{"pid":681,"cid":3},{"pid":682,"cid":4},{"pid":682,"cid":2},{"pid":682,"cid":3},{"pid":683,"cid":2},{"pid":683,"cid":3},{"pid":683,"cid":4},{"pid":683,"cid":1},{"pid":684,"cid":3},{"pid":685,"cid":3},{"pid":685,"cid":4},{"pid":686,"cid":1},{"pid":686,"cid":3},{"pid":686,"cid":4},{"pid":687,"cid":1},{"pid":687,"cid":4},{"pid":687,"cid":3},{"pid":688,"cid":4},{"pid":688,"cid":1},{"pid":689,"cid":1},{"pid":690,"cid":4},{"pid":690,"cid":2},{"pid":690,"cid":3},{"pid":690,"cid":1},{"pid":691,"cid":4},{"pid":691,"cid":1},{"pid":691,"cid":3},{"pid":691,"cid":2},{"pid":692,"cid":1},{"pid":692,"cid":4},{"pid":692,"cid":3},{"pid":693,"cid":4},{"pid":694,"cid":1},{"pid":694,"cid":3},{"pid":695,"cid":2},{"pid":695,"cid":3},{"pid":695,"cid":1},{"pid":695,"cid":4},{"pid":696,"cid":4},{"pid":696,"cid":3},{"pid":696,"cid":2},{"pid":696,"cid":1},{"pid":697,"cid":4},{"pid":697,"cid":1},{"pid":698,"cid":1},{"pid":698,"cid":4},{"pid":698,"cid":3},{"pid":698,"cid":2},{"pid":699,"cid":3},{"pid":699,"cid":4},{"pid":699,"cid":1},{"pid":700,"cid":2},{"pid":701,"cid":4},{"pid":701,"cid":2},{"pid":701,"cid":1},{"pid":701,"cid":3},{"pid":702,"cid":1},{"pid":702,"cid":2},{"pid":702,"cid":3},{"pid":703,"cid":2},{"pid":703,"cid":4},{"pid":703,"cid":1},{"pid":704,"cid":1},{"pid":704,"cid":2},{"pid":704,"cid":3},{"pid":704,"cid":4},{"pid":705,"cid":2},{"pid":705,"cid":3},{"pid":705,"cid":1},{"pid":706,"cid":3},{"pid":706,"cid":1},{"pid":706,"cid":2},{"pid":707,"cid":4},{"pid":707,"cid":1},{"pid":708,"cid":1},{"pid":708,"cid":4},{"pid":709,"cid":4},{"pid":710,"cid":4},{"pid":710,"cid":1},{"pid":710,"cid":3},{"pid":711,"cid":2},{"pid":711,"cid":4},{"pid":712,"cid":3},{"pid":712,"cid":2},{"pid":712,"cid":4},{"pid":712,"cid":1},{"pid":713,"cid":2},{"pid":713,"cid":3},{"pid":713,"cid":1},{"pid":713,"cid":4},{"pid":714,"cid":2},{"pid":714,"cid":3},{"pid":714,"cid":1},{"pid":714,"cid":4},{"pid":715,"cid":2},{"pid":715,"cid":1},{"pid":715,"cid":4},{"pid":715,"cid":3},{"pid":716,"cid":2},{"pid":716,"cid":3},{"pid":717,"cid":3},{"pid":718,"cid":4},{"pid":718,"cid":3},{"pid":718,"cid":1},{"pid":718,"cid":2},{"pid":719,"cid":3},{"pid":719,"cid":4},{"pid":719,"cid":2},{"pid":719,"cid":1},{"pid":720,"cid":3},{"pid":720,"cid":4},{"pid":721,"cid":3},{"pid":722,"cid":1},{"pid":723,"cid":4},{"pid":723,"cid":3},{"pid":723,"cid":1},{"pid":724,"cid":2},{"pid":724,"cid":1},{"pid":724,"cid":3},{"pid":724,"cid":4},{"pid":725,"cid":4},{"pid":726,"cid":2},{"pid":727,"cid":4},{"pid":727,"cid":3},{"pid":727,"cid":1},{"pid":728,"cid":2},{"pid":728,"cid":3},{"pid":729,"cid":2},{"pid":730,"cid":3},{"pid":730,"cid":2},{"pid":731,"cid":2},{"pid":732,"cid":2},{"pid":732,"cid":4},{"pid":732,"cid":3},{"pid":732,"cid":1},{"pid":733,"cid":4},{"pid":734,"cid":2},{"pid":735,"cid":3},{"pid":735,"cid":4},{"pid":735,"cid":1},{"pid":735,"cid":2},{"pid":736,"cid":3},{"pid":736,"cid":4},{"pid":736,"cid":1},{"pid":736,"cid":2},{"pid":737,"cid":2},{"pid":737,"cid":1},{"pid":737,"cid":4},{"pid":738,"cid":2},{"pid":739,"cid":2},{"pid":740,"cid":4},{"pid":740,"cid":2},{"pid":741,"cid":2},{"pid":741,"cid":1},{"pid":741,"cid":3},{"pid":742,"cid":1},{"pid":742,"cid":4},{"pid":742,"cid":3},{"pid":743,"cid":2},{"pid":743,"cid":1},{"pid":743,"cid":4},{"pid":743,"cid":3},{"pid":744,"cid":3},{"pid":744,"cid":4},{"pid":745,"cid":1},{"pid":745,"cid":4},{"pid":745,"cid":3},{"pid":746,"cid":2},{"pid":746,"cid":3},{"pid":747,"cid":3},{"pid":747,"cid":4},{"pid":747,"cid":1},{"pid":747,"cid":2},{"pid":748,"cid":3},{"pid":748,"cid":1},{"pid":748,"cid":2},{"pid":748,"cid":4},{"pid":749,"cid":1},{"pid":749,"cid":3},{"pid":750,"cid":2},{"pid":750,"cid":3},{"pid":751,"cid":3},{"pid":752,"cid":3},{"pid":752,"cid":4},{"pid":753,"cid":1},{"pid":753,"cid":4},{"pid":753,"cid":3},{"pid":753,"cid":2},{"pid":754,"cid":1},{"pid":754,"cid":3},{"pid":754,"cid":2},{"pid":755,"cid":1},{"pid":756,"cid":2},{"pid":756,"cid":1},{"pid":756,"cid":4},{"pid":756,"cid":3},{"pid":757,"cid":4},{"pid":757,"cid":3},{"pid":757,"cid":1},{"pid":758,"cid":4},{"pid":759,"cid":2},{"pid":759,"cid":1},{"pid":759,"cid":3},{"pid":760,"cid":4},{"pid":760,"cid":1},{"pid":760,"cid":3},{"pid":761,"cid":1},{"pid":762,"cid":2},{"pid":762,"cid":1},{"pid":763,"cid":3},{"pid":763,"cid":2},{"pid":764,"cid":1},{"pid":765,"cid":4},{"pid":765,"cid":2},{"pid":766,"cid":3},{"pid":766,"cid":1},{"pid":767,"cid":3},{"pid":767,"cid":2},{"pid":767,"cid":4},{"pid":768,"cid":1},{"pid":768,"cid":3},{"pid":768,"cid":4},{"pid":768,"cid":2},{"pid":769,"cid":1},{"pid":769,"cid":4},{"pid":769,"cid":3},{"pid":769,"cid":2},{"pid":770,"cid":3},{"pid":770,"cid":4},{"pid":771,"cid":3},{"pid":771,"cid":4},{"pid":771,"cid":1},{"pid":772,"cid":2},{"pid":773,"cid":1},{"pid":773,"cid":3},{"pid":773,"cid":2},{"pid":774,"cid":2},{"pid":775,"cid":2},{"pid":776,"cid":2},{"pid":776,"cid":4},{"pid":776,"cid":1},{"pid":776,"cid":3},{"pid":777,"cid":1},{"pid":777,"cid":4},{"pid":777,"cid":3},{"pid":778,"cid":1},{"pid":778,"cid":2},{"pid":779,"cid":4},{"pid":779,"cid":2},{"pid":779,"cid":3},{"pid":779,"cid":1},{"pid":780,"cid":4},{"pid":780,"cid":3},{"pid":780,"cid":2},{"pid":781,"cid":2},{"pid":781,"cid":1},{"pid":782,"cid":1},{"pid":782,"cid":2},{"pid":782,"cid":3},{"pid":782,"cid":4},{"pid":783,"cid":4},{"pid":783,"cid":3},{"pid":783,"cid":1},{"pid":783,"cid":2},{"pid":784,"cid":4},{"pid":784,"cid":3},{"pid":784,"cid":1},{"pid":784,"cid":2},{"pid":785,"cid":3},{"pid":785,"cid":1},{"pid":785,"cid":2},{"pid":785,"cid":4},{"pid":786,"cid":3},{"pid":786,"cid":1},{"pid":786,"cid":4},{"pid":787,"cid":4},{"pid":787,"cid":1},{"pid":787,"cid":2},{"pid":787,"cid":3},{"pid":788,"cid":2},{"pid":788,"cid":1},{"pid":789,"cid":4},{"pid":789,"cid":2},{"pid":789,"cid":3},{"pid":790,"cid":2},{"pid":791,"cid":2},{"pid":791,"cid":1},{"pid":791,"cid":3},{"pid":791,"cid":4},{"pid":792,"cid":2},{"pid":792,"cid":4},{"pid":793,"cid":3},{"pid":793,"cid":2},{"pid":793,"cid":1},{"pid":794,"cid":3},{"pid":794,"cid":1},{"pid":794,"cid":2},{"pid":795,"cid":4},{"pid":796,"cid":4},{"pid":796,"cid":3},{"pid":797,"cid":1},{"pid":797,"cid":3},{"pid":797,"cid":4},{"pid":798,"cid":4},{"pid":798,"cid":2},{"pid":798,"cid":3},{"pid":799,"cid":1},{"pid":799,"cid":2},{"pid":799,"cid":3},{"pid":800,"cid":1},{"pid":800,"cid":2},{"pid":801,"cid":1},{"pid":801,"cid":4},{"pid":802,"cid":4},{"pid":803,"cid":1},{"pid":804,"cid":1},{"pid":804,"cid":3},{"pid":804,"cid":4},{"pid":804,"cid":2},{"pid":805,"cid":1},{"pid":806,"cid":1},{"pid":807,"cid":2},{"pid":807,"cid":3},{"pid":807,"cid":4},{"pid":807,"cid":1},{"pid":808,"cid":1},{"pid":808,"cid":3},{"pid":808,"cid":2},{"pid":809,"cid":3},{"pid":809,"cid":2},{"pid":810,"cid":1},{"pid":810,"cid":2},{"pid":810,"cid":4},{"pid":811,"cid":1},{"pid":811,"cid":2},{"pid":812,"cid":1},{"pid":812,"cid":4},{"pid":812,"cid":3},{"pid":813,"cid":1},{"pid":813,"cid":3},{"pid":813,"cid":4},{"pid":814,"cid":4},{"pid":815,"cid":3},{"pid":816,"cid":2},{"pid":816,"cid":4},{"pid":817,"cid":3},{"pid":817,"cid":2},{"pid":817,"cid":4},{"pid":817,"cid":1},{"pid":818,"cid":4},{"pid":818,"cid":1},{"pid":819,"cid":2},{"pid":820,"cid":3},{"pid":820,"cid":4},{"pid":820,"cid":2},{"pid":821,"cid":2},{"pid":821,"cid":1},{"pid":821,"cid":4},{"pid":822,"cid":2},{"pid":822,"cid":4},{"pid":823,"cid":1},{"pid":823,"cid":3},{"pid":823,"cid":2},{"pid":824,"cid":1},{"pid":825,"cid":4},{"pid":826,"cid":3},{"pid":826,"cid":2},{"pid":826,"cid":1},{"pid":826,"cid":4},{"pid":827,"cid":3},{"pid":827,"cid":4},{"pid":827,"cid":2},{"pid":827,"cid":1},{"pid":828,"cid":2},{"pid":828,"cid":3},{"pid":828,"cid":4},{"pid":828,"cid":1},{"pid":829,"cid":3},{"pid":829,"cid":1},{"pid":830,"cid":2},{"pid":830,"cid":3},{"pid":830,"cid":1},{"pid":831,"cid":3},{"pid":831,"cid":2},{"pid":831,"cid":1},{"pid":832,"cid":4},{"pid":832,"cid":3},{"pid":832,"cid":2},{"pid":832,"cid":1},{"pid":833,"cid":1},{"pid":833,"cid":3},{"pid":833,"cid":2},{"pid":834,"cid":4},{"pid":834,"cid":1},{"pid":834,"cid":3},{"pid":834,"cid":2},{"pid":835,"cid":2},{"pid":836,"cid":3},{"pid":836,"cid":4},{"pid":836,"cid":1},{"pid":837,"cid":3},{"pid":837,"cid":4},{"pid":837,"cid":1},{"pid":838,"cid":3},{"pid":839,"cid":2},{"pid":839,"cid":4},{"pid":839,"cid":3},{"pid":839,"cid":1},{"pid":840,"cid":4},{"pid":840,"cid":1},{"pid":840,"cid":3},{"pid":840,"cid":2},{"pid":841,"cid":3},{"pid":841,"cid":2},{"pid":841,"cid":1},{"pid":841,"cid":4},{"pid":842,"cid":1},{"pid":843,"cid":2},{"pid":844,"cid":1},{"pid":845,"cid":2},{"pid":845,"cid":4},{"pid":845,"cid":3},{"pid":845,"cid":1},{"pid":846,"cid":2},{"pid":846,"cid":1},{"pid":846,"cid":3},{"pid":846,"cid":4},{"pid":847,"cid":1},{"pid":847,"cid":4},{"pid":847,"cid":2},{"pid":848,"cid":4},{"pid":849,"cid":4},{"pid":849,"cid":1},{"pid":850,"cid":3},{"pid":850,"cid":4},{"pid":851,"cid":2},{"pid":851,"cid":1},{"pid":851,"cid":3},{"pid":851,"cid":4},{"pid":852,"cid":1},{"pid":852,"cid":2},{"pid":852,"cid":4},{"pid":852,"cid":3},{"pid":853,"cid":4},{"pid":853,"cid":3},{"pid":853,"cid":2},{"pid":854,"cid":4},{"pid":854,"cid":2},{"pid":855,"cid":4},{"pid":855,"cid":3},{"pid":855,"cid":1},{"pid":856,"cid":1},{"pid":856,"cid":4},{"pid":857,"cid":3},{"pid":857,"cid":4},{"pid":857,"cid":1},{"pid":858,"cid":1},{"pid":858,"cid":3},{"pid":858,"cid":4},{"pid":859,"cid":1},{"pid":860,"cid":2},{"pid":860,"cid":1},{"pid":861,"cid":1},{"pid":862,"cid":2},{"pid":862,"cid":4},{"pid":862,"cid":3},{"pid":863,"cid":4},{"pid":863,"cid":1},{"pid":863,"cid":3},{"pid":864,"cid":1},{"pid":864,"cid":4},{"pid":864,"cid":2},{"pid":864,"cid":3},{"pid":865,"cid":1},{"pid":865,"cid":4},{"pid":866,"cid":3},{"pid":866,"cid":2},{"pid":866,"cid":4},{"pid":867,"cid":1},{"pid":867,"cid":3},{"pid":867,"cid":2},{"pid":867,"cid":4},{"pid":868,"cid":1},{"pid":868,"cid":2},{"pid":868,"cid":3},{"pid":868,"cid":4},{"pid":869,"cid":2},{"pid":870,"cid":4},{"pid":870,"cid":2},{"pid":871,"cid":4},{"pid":871,"cid":1},{"pid":871,"cid":3},{"pid":872,"cid":1},{"pid":872,"cid":2},{"pid":873,"cid":3},{"pid":873,"cid":4},{"pid":873,"cid":2},{"pid":874,"cid":4},{"pid":874,"cid":3},{"pid":874,"cid":2},{"pid":874,"cid":1},{"pid":875,"cid":4},{"pid":875,"cid":3},{"pid":875,"cid":1},{"pid":875,"cid":2},{"pid":876,"cid":3},{"pid":876,"cid":4},{"pid":876,"cid":1},{"pid":877,"cid":4},{"pid":877,"cid":3},{"pid":878,"cid":3},{"pid":878,"cid":2},{"pid":879,"cid":3},{"pid":880,"cid":3},{"pid":881,"cid":2},{"pid":881,"cid":4},{"pid":882,"cid":2},{"pid":882,"cid":1},{"pid":882,"cid":4},{"pid":882,"cid":3},{"pid":883,"cid":4},{"pid":883,"cid":1},{"pid":883,"cid":2},{"pid":883,"cid":3},{"pid":884,"cid":1},{"pid":884,"cid":4},{"pid":885,"cid":1},{"pid":886,"cid":3},{"pid":886,"cid":1},{"pid":886,"cid":2},{"pid":887,"cid":3},{"pid":887,"cid":4},{"pid":888,"cid":4},{"pid":889,"cid":3},{"pid":889,"cid":1},{"pid":890,"cid":1},{"pid":891,"cid":3},{"pid":891,"cid":1},{"pid":891,"cid":4},{"pid":892,"cid":3},{"pid":892,"cid":1},{"pid":892,"cid":2},{"pid":893,"cid":4},{"pid":893,"cid":1},{"pid":894,"cid":3},{"pid":895,"cid":2},{"pid":896,"cid":3},{"pid":896,"cid":2},{"pid":896,"cid":1},{"pid":896,"cid":4},{"pid":897,"cid":3},{"pid":897,"cid":2},{"pid":897,"cid":1},{"pid":898,"cid":4},{"pid":898,"cid":2},{"pid":899,"cid":4},{"pid":899,"cid":1},{"pid":899,"cid":2},{"pid":899,"cid":3},{"pid":900,"cid":3},{"pid":901,"cid":4},{"pid":901,"cid":3},{"pid":902,"cid":2},{"pid":903,"cid":3},{"pid":903,"cid":1},{"pid":903,"cid":4},{"pid":903,"cid":2},{"pid":904,"cid":4},{"pid":904,"cid":2},{"pid":905,"cid":3},{"pid":905,"cid":2},{"pid":905,"cid":1},{"pid":905,"cid":4},{"pid":906,"cid":2},{"pid":906,"cid":3},{"pid":906,"cid":1},{"pid":906,"cid":4},{"pid":907,"cid":1},{"pid":907,"cid":2},{"pid":908,"cid":4},{"pid":908,"cid":3},{"pid":908,"cid":2},{"pid":909,"cid":1},{"pid":910,"cid":2},{"pid":911,"cid":2},{"pid":911,"cid":4},{"pid":912,"cid":4},{"pid":912,"cid":2},{"pid":912,"cid":3},{"pid":912,"cid":1},{"pid":913,"cid":2},{"pid":913,"cid":1},{"pid":913,"cid":3},{"pid":913,"cid":4},{"pid":914,"cid":1},{"pid":914,"cid":3},{"pid":915,"cid":2},{"pid":915,"cid":4},{"pid":915,"cid":3},{"pid":915,"cid":1},{"pid":916,"cid":3},{"pid":917,"cid":2},{"pid":917,"cid":1},{"pid":917,"cid":3},{"pid":918,"cid":3},{"pid":918,"cid":4},{"pid":918,"cid":2},{"pid":919,"cid":4},{"pid":919,"cid":2},{"pid":919,"cid":1},{"pid":920,"cid":4},{"pid":920,"cid":1},{"pid":920,"cid":3},{"pid":921,"cid":4},{"pid":922,"cid":4},{"pid":922,"cid":2},{"pid":922,"cid":3},{"pid":923,"cid":4},{"pid":924,"cid":2},{"pid":924,"cid":3},{"pid":924,"cid":4},{"pid":925,"cid":4},{"pid":925,"cid":1},{"pid":926,"cid":4},{"pid":926,"cid":1},{"pid":926,"cid":2},{"pid":927,"cid":2},{"pid":927,"cid":4},{"pid":927,"cid":3},{"pid":928,"cid":1},{"pid":929,"cid":2},{"pid":929,"cid":1},{"pid":929,"cid":3},{"pid":930,"cid":1},{"pid":930,"cid":3},{"pid":930,"cid":4},{"pid":930,"cid":2},{"pid":931,"cid":4},{"pid":931,"cid":1},{"pid":932,"cid":3},{"pid":932,"cid":4},{"pid":932,"cid":1},{"pid":932,"cid":2},{"pid":933,"cid":2},{"pid":934,"cid":1},{"pid":934,"cid":2},{"pid":935,"cid":4},{"pid":936,"cid":1},{"pid":936,"cid":3},{"pid":936,"cid":2},{"pid":936,"cid":4},{"pid":937,"cid":3},{"pid":937,"cid":2},{"pid":937,"cid":4},{"pid":938,"cid":3},{"pid":938,"cid":1},{"pid":938,"cid":2},{"pid":938,"cid":4},{"pid":939,"cid":2},{"pid":939,"cid":4},{"pid":939,"cid":1},{"pid":940,"cid":1},{"pid":941,"cid":1},{"pid":941,"cid":2},{"pid":941,"cid":3},{"pid":942,"cid":2},{"pid":942,"cid":1},{"pid":943,"cid":4},{"pid":944,"cid":4},{"pid":944,"cid":3},{"pid":944,"cid":1},{"pid":945,"cid":4},{"pid":945,"cid":3},{"pid":945,"cid":1},{"pid":946,"cid":2},{"pid":946,"cid":3},{"pid":947,"cid":1},{"pid":947,"cid":4},{"pid":948,"cid":4},{"pid":948,"cid":3},{"pid":949,"cid":3},{"pid":949,"cid":2},{"pid":949,"cid":1},{"pid":950,"cid":4},{"pid":951,"cid":3},{"pid":951,"cid":4},{"pid":952,"cid":1},{"pid":953,"cid":1},{"pid":953,"cid":4},{"pid":954,"cid":1},{"pid":954,"cid":3},{"pid":954,"cid":4},{"pid":955,"cid":1},{"pid":956,"cid":3},{"pid":956,"cid":2},{"pid":957,"cid":3},{"pid":957,"cid":2},{"pid":958,"cid":3},{"pid":958,"cid":2},{"pid":958,"cid":1},{"pid":959,"cid":1},{"pid":959,"cid":3},{"pid":960,"cid":3},{"pid":960,"cid":1},{"pid":960,"cid":2},{"pid":960,"cid":4},{"pid":961,"cid":4},{"pid":962,"cid":1},{"pid":962,"cid":3},{"pid":963,"cid":3},{"pid":963,"cid":1},{"pid":964,"cid":2},{"pid":964,"cid":3},{"pid":964,"cid":4},{"pid":964,"cid":1},{"pid":965,"cid":2},{"pid":965,"cid":3},{"pid":965,"cid":4},{"pid":965,"cid":1},{"pid":966,"cid":4},{"pid":966,"cid":1},{"pid":967,"cid":1},{"pid":967,"cid":3},{"pid":968,"cid":1},{"pid":969,"cid":1},{"pid":970,"cid":3},{"pid":971,"cid":2},{"pid":971,"cid":1},{"pid":971,"cid":4},{"pid":972,"cid":3},{"pid":972,"cid":1},{"pid":972,"cid":2},{"pid":972,"cid":4},{"pid":973,"cid":1},{"pid":973,"cid":4},{"pid":973,"cid":2},{"pid":973,"cid":3},{"pid":974,"cid":3},{"pid":975,"cid":3},{"pid":976,"cid":2},{"pid":976,"cid":1},{"pid":977,"cid":2},{"pid":977,"cid":3},{"pid":977,"cid":4},{"pid":978,"cid":4},{"pid":978,"cid":3},{"pid":978,"cid":1},{"pid":979,"cid":1},{"pid":979,"cid":2},{"pid":979,"cid":3},{"pid":980,"cid":3},{"pid":980,"cid":4},{"pid":980,"cid":1},{"pid":980,"cid":2},{"pid":981,"cid":4},{"pid":981,"cid":1},{"pid":981,"cid":3},{"pid":982,"cid":4},{"pid":982,"cid":3},{"pid":982,"cid":2},{"pid":982,"cid":1},{"pid":983,"cid":1},{"pid":983,"cid":4},{"pid":983,"cid":2},{"pid":984,"cid":1},{"pid":984,"cid":4},{"pid":984,"cid":2},{"pid":984,"cid":3},{"pid":985,"cid":2},{"pid":986,"cid":3},{"pid":986,"cid":4},{"pid":987,"cid":1},{"pid":987,"cid":2},{"pid":987,"cid":3},{"pid":987,"cid":4},{"pid":988,"cid":2},{"pid":988,"cid":1},{"pid":989,"cid":3},{"pid":990,"cid":2},{"pid":990,"cid":4},{"pid":990,"cid":3},{"pid":990,"cid":1},{"pid":991,"cid":2},{"pid":991,"cid":1},{"pid":992,"cid":4},{"pid":993,"cid":1},{"pid":993,"cid":2},{"pid":994,"cid":2},{"pid":994,"cid":4},{"pid":995,"cid":3},{"pid":996,"cid":1},{"pid":997,"cid":1},{"pid":997,"cid":2},{"pid":997,"cid":4},{"pid":998,"cid":2},{"pid":998,"cid":1},{"pid":998,"cid":4},{"pid":999,"cid":2},{"pid":999,"cid":1},{"pid":999,"cid":3},{"pid":999,"cid":4},{"pid":1000,"cid":1}]