[{"pid":1,"tid":2},{"pid":1,"tid":1},{"pid":2,"tid":2},{"pid":3,"tid":3},{"pid":3,"tid":2},{"pid":4,"tid":2},{"pid":4,"tid":3},{"pid":5,"tid":1},{"pid":6,"tid":4},{"pid":7,"tid":2},{"pid":7,"tid":3},{"pid":8,"tid":4},{"pid":9,"tid":1},{"pid":9,"tid":2},{"pid":9,"tid":3},{"pid":10,"tid":3},{"pid":11,"tid":2},{"pid":11,"tid":1},{"pid":12,"tid":2},{"pid":12,"tid":1},{"pid":12,"tid":4},{"pid":13,"tid":1},{"pid":14,"tid":3},{"pid":14,"tid":2},{"pid":14,"tid":4},{"pid":15,"tid":3},{"pid":15,"tid":4},{"pid":16,"tid":2},{"pid":16,"tid":3},{"pid":16,"tid":1},{"pid":17,"tid":1},{"pid":18,"tid":2},{"pid":18,"tid":4},{"pid":19,"tid":4},{"pid":19,"tid":1},{"pid":19,"tid":3},{"pid":20,"tid":1},{"pid":20,"tid":4},{"pid":21,"tid":2},{"pid":21,"tid":3},{"pid":21,"tid":4},{"pid":22,"tid":4},{"pid":22,"tid":1},{"pid":23,"tid":4},{"pid":23,"tid":3},{"pid":24,"tid":3},{"pid":24,"tid":1},{"pid":25,"tid":1},{"pid":25,"tid":2},{"pid":26,"tid":2},{"pid":26,"tid":4},{"pid":26,"tid":3},{"pid":27,"tid":2},{"pid":28,"tid":2},{"pid":29,"tid":2},{"pid":29,"tid":1},{"pid":30,"tid":2},{"pid":30,"tid":1},{"pid":31,"tid":3},{"pid":32,"tid":3},{"pid":32,"tid":2},{"pid":32,"tid":4},{"pid":33,"tid":1},{"pid":33,"tid":2},{"pid":33,"tid":4},{"pid":34,"tid":2},{"pid":35,"tid":4},{"pid":36,"tid":4},{"pid":36,"tid":2},{"pid":37,"tid":2},{"pid":37,"tid":4},{"pid":37,"tid":3},{"pid":38,"tid":2},{"pid":39,"tid":1},{"pid":40,"tid":4},{"pid":40,"tid":1},{"pid":40,"tid":3},{"pid":41,"tid":4},{"pid":41,"tid":2},{"pid":41,"tid":1},{"pid":42,"tid":2},{"pid":43,"tid":3},{"pid":43,"tid":2},{"pid":44,"tid":1},{"pid":45,"tid":4},{"pid":45,"tid":2},{"pid":46,"tid":4},{"pid":46,"tid":2},{"pid":46,"tid":1},{"pid":47,"tid":3},{"pid":47,"tid":1},{"pid":48,"tid":4},{"pid":48,"tid":1},{"pid":49,"tid":1},{"pid":50,"tid":3},{"pid":50,"tid":2},{"pid":50,"tid":4},{"pid":51,"tid":4},{"pid":51,"tid":2},{"pid":52,"tid":1},{"pid":53,"tid":4},{"pid":53,"tid":3},{"pid":54,"tid":2},{"pid":54,"tid":4},{"pid":55,"tid":4},{"pid":55,"tid":3},{"pid":55,"tid":1},{"pid":56,"tid":1},{"pid":56,"tid":3},{"pid":57,"tid":1},{"pid":57,"tid":2},{"pid":57,"tid":4},{"pid":58,"tid":3},{"pid":58,"tid":4},{"pid":58,"tid":2},{"pid":59,"tid":2},{"pid":59,"tid":4},{"pid":60,"tid":1},{"pid":61,"tid":2},{"pid":62,"tid":3},{"pid":62,"tid":2},{"pid":62,"tid":4},{"pid":63,"tid":4},{"pid":63,"tid":3},{"pid":63,"tid":1},{"pid":64,"tid":3},{"pid":65,"tid":1},{"pid":66,"tid":1},{"pid":67,"tid":2},{"pid":67,"tid":1},{"pid":67,"tid":3},{"pid":68,"tid":1},{"pid":69,"tid":1},{"pid":69,"tid":2},{"pid":70,"tid":3},{"pid":70,"tid":1},{"pid":70,"tid":4},{"pid":71,"tid":1},{"pid":71,"tid":4},{"pid":72,"tid":3},{"pid":72,"tid":4},{"pid":72,"tid":2},{"pid":73,"tid":3},{"pid":73,"tid":2},{"pid":73,"tid":4},{"pid":74,"tid":2},{"pid":75,"tid":2},{"pid":76,"tid":4},{"pid":77,"tid":4},{"pid":77,"tid":3},{"pid":78,"tid":2},{"pid":79,"tid":4},{"pid":80,"tid":4},{"pid":80,"tid":2},{"pid":80,"tid":3},{"pid":81,"tid":2},{"pid":81,"tid":4},{"pid":82,"tid":4},{"pid":83,"tid":3},{"pid":84,"tid":2},{"pid":85,"tid":3},{"pid":85,"tid":2},{"pid":85,"tid":4},{"pid":86,"tid":1},{"pid":86,"tid":4},{"pid":87,"tid":3},{"pid":87,"tid":2},{"pid":87,"tid":1},{"pid":88,"tid":4},{"pid":88,"tid":2},{"pid":89,"tid":3},{"pid":89,"tid":2},{"pid":89,"tid":1},{"pid":90,"tid":1},{"pid":90,"tid":3},{"pid":91,"tid":4},{"pid":91,"tid":3},{"pid":91,"tid":1},{"pid":92,"tid":3},{"pid":92,"tid":2},{"pid":92,"tid":1},{"pid":93,"tid":1},{"pid":94,"tid":2},{"pid":95,"tid":4},{"pid":95,"tid":3},{"pid":95,"tid":2},{"pid":96,"tid":3},{"pid":96,"tid":2},{"pid":96,"tid":4},{"pid":97,"tid":2},{"pid":98,"tid":2},{"pid":98,"tid":3},{"pid":98,"tid":4},{"pid":99,"tid":2},{"pid":99,"tid":1},{"pid":99,"tid":4},{"pid":100,"tid":1},{"pid":100,"tid":4},{"pid":100,"tid":3},{"pid":101,"tid":4},{"pid":101,"tid":3},{"pid":101,"tid":2},{"pid":102,"tid":3},{"pid":103,"tid":4},{"pid":103,"tid":1},{"pid":103,"tid":3},{"pid":104,"tid":2},{"pid":104,"tid":1},{"pid":104,"tid":4},{"pid":105,"tid":2},{"pid":105,"tid":4},{"pid":106,"tid":1},{"pid":107,"tid":2},{"pid":107,"tid":3},{"pid":108,"tid":3},{"pid":109,"tid":4},{"pid":109,"tid":2},{"pid":110,"tid":1},{"pid":111,"tid":2},{"pid":111,"tid":3},{"pid":111,"tid":1},{"pid":112,"tid":2},{"pid":113,"tid":3},{"pid":113,"tid":4},{"pid":114,"tid":3},{"pid":115,"tid":1},{"pid":115,"tid":3},{"pid":115,"tid":2},{"pid":116,"tid":3},{"pid":116,"tid":4},{"pid":117,"tid":2},{"pid":117,"tid":3},{"pid":117,"tid":4},{"pid":118,"tid":1},{"pid":118,"tid":3},{"pid":118,"tid":4},{"pid":119,"tid":3},{"pid":119,"tid":2},{"pid":119,"tid":4},{"pid":120,"tid":2},{"pid":120,"tid":4},{"pid":121,"tid":3},{"pid":121,"tid":1},{"pid":121,"tid":2},{"pid":122,"tid":4},{"pid":122,"tid":3},{"pid":123,"tid":1},{"pid":123,"tid":2},{"pid":124,"tid":3},{"pid":125,"tid":2},{"pid":126,"tid":2},{"pid":126,"tid":1},{"pid":127,"tid":2},{"pid":128,"tid":4},{"pid":128,"tid":1},{"pid":128,"tid":2},{"pid":129,"tid":4},{"pid":129,"tid":1},{"pid":130,"tid":4},{"pid":130,"tid":1},{"pid":130,"tid":2},{"pid":131,"tid":1},{"pid":131,"tid":3},{"pid":132,"tid":1},{"pid":132,"tid":2},{"pid":133,"tid":3},{"pid":133,"tid":2},{"pid":133,"tid":1},{"pid":134,"tid":2},{"pid":134,"tid":4},{"pid":134,"tid":1},{"pid":135,"tid":2},{"pid":135,"tid":1},{"pid":136,"tid":4},{"pid":137,"tid":2},{"pid":137,"tid":4},{"pid":137,"tid":3},{"pid":138,"tid":3},{"pid":139,"tid":3},{"pid":140,"tid":2},{"pid":140,"tid":3},{"pid":140,"tid":4},{"pid":141,"tid":4},{"pid":142,"tid":2},{"pid":143,"tid":4},{"pid":143,"tid":1},{"pid":144,"tid":2},{"pid":144,"tid":3},{"pid":145,"tid":2},{"pid":146,"tid":1},{"pid":146,"tid":2},{"pid":146,"tid":3},{"pid":147,"tid":1},{"pid":147,"tid":4},{"pid":147,"tid":2},{"pid":148,"tid":3},{"pid":148,"tid":2},{"pid":148,"tid":4},{"pid":149,"tid":4},{"pid":149,"tid":3},{"pid":150,"tid":4},{"pid":150,"tid":1},{"pid":150,"tid":3},{"pid":151,"tid":2},{"pid":151,"tid":4},{"pid":151,"tid":3},{"pid":152,"tid":2},{"pid":152,"tid":4},{"pid":152,"tid":1},{"pid":153,"tid":4},{"pid":154,"tid":3},{"pid":154,"tid":4},{"pid":155,"tid":4},{"pid":155,"tid":1},{"pid":156,"tid":3},{"pid":156,"tid":4},{"pid":156,"tid":1},{"pid":157,"tid":3},{"pid":157,"tid":2},{"pid":157,"tid":1},{"pid":158,"tid":3},{"pid":159,"tid":3},{"pid":160,"tid":3},{"pid":161,"tid":4},{"pid":161,"tid":2},{"pid":162,"tid":4},{"pid":163,"tid":1},{"pid":163,"tid":4},{"pid":164,"tid":1},{"pid":164,"tid":4},{"pid":164,"tid":2},{"pid":165,"tid":1},{"pid":165,"tid":2},{"pid":166,"tid":4},{"pid":166,"tid":1},{"pid":167,"tid":4},{"pid":167,"tid":2},{"pid":167,"tid":3},{"pid":168,"tid":4},{"pid":169,"tid":2},{"pid":169,"tid":3},{"pid":170,"tid":3},{"pid":171,"tid":3},{"pid":172,"tid":2},{"pid":172,"tid":3},{"pid":172,"tid":4},{"pid":173,"tid":3},{"pid":174,"tid":3},{"pid":174,"tid":1},{"pid":174,"tid":4},{"pid":175,"tid":1},{"pid":176,"tid":1},{"pid":176,"tid":3},{"pid":177,"tid":1},{"pid":178,"tid":2},{"pid":179,"tid":1},{"pid":180,"tid":1},{"pid":181,"tid":1},{"pid":182,"tid":1},{"pid":182,"tid":3},{"pid":183,"tid":4},{"pid":183,"tid":3},{"pid":183,"tid":2},{"pid":184,"tid":3},{"pid":185,"tid":4},{"pid":185,"tid":1},{"pid":185,"tid":2},{"pid":186,"tid":1},{"pid":186,"tid":4},{"pid":186,"tid":2},{"pid":187,"tid":3},{"pid":188,"tid":4},{"pid":188,"tid":2},{"pid":188,"tid":3},{"pid":189,"tid":1},{"pid":189,"tid":2},{"pid":189,"tid":3},{"pid":190,"tid":2},{"pid":190,"tid":4},{"pid":190,"tid":3},{"pid":191,"tid":4},{"pid":191,"tid":1},{"pid":191,"tid":2},{"pid":192,"tid":4},{"pid":193,"tid":1},{"pid":194,"tid":4},{"pid":194,"tid":1},{"pid":194,"tid":3},{"pid":195,"tid":4},{"pid":195,"tid":2},{"pid":195,"tid":3},{"pid":196,"tid":3},{"pid":197,"tid":4},{"pid":197,"tid":2},{"pid":197,"tid":3},{"pid":198,"tid":4},{"pid":198,"tid":3},{"pid":198,"tid":1},{"pid":199,"tid":2},{"pid":199,"tid":3},{"pid":200,"tid":1},{"pid":201,"tid":2},{"pid":201,"tid":4},{"pid":202,"tid":4},{"pid":202,"tid":1},{"pid":202,"tid":3},{"pid":203,"tid":4},{"pid":203,"tid":2},{"pid":203,"tid":3},{"pid":204,"tid":3},{"pid":205,"tid":4},{"pid":205,"tid":3},{"pid":205,"tid":1},{"pid":206,"tid":3},{"pid":206,"tid":4},{"pid":206,"tid":1},{"pid":207,"tid":1},{"pid":207,"tid":2},{"pid":207,"tid":3},{"pid":208,"tid":4},{"pid":208,"tid":3},{"pid":208,"tid":1},{"pid":209,"tid":2},{"pid":209,"tid":3},{"pid":209,"tid":1},{"pid":210,"tid":4},{"pid":210,"tid":1},{"pid":211,"tid":1},{"pid":212,"tid":1},{"pid":213,"tid":2},{"pid":213,"tid":4},{"pid":214,"tid":3},{"pid":215,"tid":2},{"pid":215,"tid":3},{"pid":215,"tid":1},{"pid":216,"tid":3},{"pid":216,"tid":4},{"pid":216,"tid":1},{"pid":217,"tid":1},{"pid":218,"tid":3},{"pid":218,"tid":2},{"pid":218,"tid":4},{"pid":219,"tid":4},{"pid":219,"tid":3},{"pid":219,"tid":2},{"pid":220,"tid":4},{"pid":220,"tid":2},{"pid":220,"tid":1},{"pid":221,"tid":2},{"pid":222,"tid":3},{"pid":222,"tid":4},{"pid":223,"tid":4},{"pid":224,"tid":1},{"pid":224,"tid":4},{"pid":224,"tid":3},{"pid":225,"tid":3},{"pid":225,"tid":4},{"pid":226,"tid":4},{"pid":227,"tid":3},{"pid":227,"tid":2},{"pid":227,"tid":1},{"pid":228,"tid":2},{"pid":229,"tid":2},{"pid":229,"tid":1},{"pid":230,"tid":1},{"pid":230,"tid":4},{"pid":230,"tid":2},{"pid":231,"tid":4},{"pid":231,"tid":1},{"pid":232,"tid":3},{"pid":232,"tid":2},{"pid":232,"tid":4},{"pid":233,"tid":4},{"pid":233,"tid":2},{"pid":233,"tid":3},{"pid":234,"tid":1},{"pid":235,"tid":3},{"pid":235,"tid":2},{"pid":235,"tid":4},{"pid":236,"tid":4},{"pid":237,"tid":1},{"pid":237,"tid":2},{"pid":238,"tid":3},{"pid":238,"tid":2},{"pid":238,"tid":4},{"pid":239,"tid":3},{"pid":240,"tid":2},{"pid":240,"tid":1},{"pid":240,"tid":4},{"pid":241,"tid":4},{"pid":241,"tid":1},{"pid":242,"tid":1},{"pid":242,"tid":4},{"pid":243,"tid":1},{"pid":243,"tid":3},{"pid":243,"tid":2},{"pid":244,"tid":2},{"pid":244,"tid":4},{"pid":245,"tid":1},{"pid":245,"tid":2},{"pid":245,"tid":4},{"pid":246,"tid":4},{"pid":246,"tid":2},{"pid":246,"tid":1},{"pid":247,"tid":4},{"pid":248,"tid":4},{"pid":249,"tid":3},{"pid":250,"tid":1},{"pid":250,"tid":3},{"pid":251,"tid":3},{"pid":252,"tid":4},{"pid":252,"tid":2},{"pid":253,"tid":3},{"pid":253,"tid":1},{"pid":254,"tid":2},{"pid":254,"tid":4},{"pid":255,"tid":3},{"pid":255,"tid":2},{"pid":256,"tid":2},{"pid":257,"tid":2},{"pid":257,"tid":1},{"pid":257,"tid":3},{"pid":258,"tid":2},{"pid":259,"tid":4},{"pid":260,"tid":1},{"pid":261,"tid":1},{"pid":261,"tid":3},{"pid":261,"tid":2},{"pid":262,"tid":1},{"pid":262,"tid":3},{"pid":262,"tid":2},{"pid":263,"tid":1},{"pid":263,"tid":3},{"pid":263,"tid":4},{"pid":264,"tid":3},{"pid":264,"tid":1},{"pid":264,"tid":4},{"pid":265,"tid":3},{"pid":265,"tid":2},{"pid":266,"tid":3},{"pid":267,"tid":4},{"pid":267,"tid":1},{"pid":267,"tid":2},{"pid":268,"tid":1},{"pid":269,"tid":1},{"pid":269,"tid":2},{"pid":270,"tid":1},{"pid":271,"tid":4},{"pid":271,"tid":3},{"pid":271,"tid":2},{"pid":272,"tid":4},{"pid":272,"tid":1},{"pid":272,"tid":3},{"pid":273,"tid":1},{"pid":274,"tid":4},{"pid":274,"tid":1},{"pid":274,"tid":2},{"pid":275,"tid":1},{"pid":275,"tid":3},{"pid":276,"tid":4},{"pid":276,"tid":2},{"pid":276,"tid":1},{"pid":277,"tid":3},{"pid":277,"tid":2},{"pid":278,"tid":2},{"pid":278,"tid":3},{"pid":279,"tid":1},{"pid":280,"tid":4},{"pid":281,"tid":3},{"pid":281,"tid":2},{"pid":281,"tid":1},{"pid":282,"tid":3},{"pid":282,"tid":2},{"pid":282,"tid":1},{"pid":283,"tid":1},{"pid":283,"tid":4},{"pid":283,"tid":3},{"pid":284,"tid":4},{"pid":285,"tid":3},{"pid":285,"tid":1},{"pid":285,"tid":2},{"pid":286,"tid":3},{"pid":287,"tid":3},{"pid":287,"tid":1},{"pid":287,"tid":4},{"pid":288,"tid":2},{"pid":288,"tid":3},{"pid":288,"tid":1},{"pid":289,"tid":3},{"pid":290,"tid":2},{"pid":290,"tid":3},{"pid":290,"tid":1},{"pid":291,"tid":1},{"pid":292,"tid":4},{"pid":292,"tid":3},{"pid":293,"tid":3},{"pid":294,"tid":2},{"pid":294,"tid":4},{"pid":294,"tid":1},{"pid":295,"tid":2},{"pid":295,"tid":1},{"pid":296,"tid":2},{"pid":296,"tid":3},{"pid":297,"tid":1},{"pid":298,"tid":4},{"pid":298,"tid":2},{"pid":299,"tid":4},{"pid":299,"tid":3},{"pid":300,"tid":2},{"pid":301,"tid":4},{"pid":302,"tid":2},{"pid":302,"tid":3},{"pid":303,"tid":1},{"pid":303,"tid":4},{"pid":304,"tid":4},{"pid":304,"tid":3},{"pid":305,"tid":4},{"pid":305,"tid":3},{"pid":305,"tid":1},{"pid":306,"tid":3},{"pid":306,"tid":4},{"pid":307,"tid":2},{"pid":308,"tid":3},{"pid":308,"tid":1},{"pid":309,"tid":3},{"pid":309,"tid":4},{"pid":310,"tid":3},{"pid":310,"tid":1},{"pid":311,"tid":3},{"pid":311,"tid":2},{"pid":312,"tid":3},{"pid":313,"tid":2},{"pid":313,"tid":4},{"pid":313,"tid":1},{"pid":314,"tid":4},{"pid":314,"tid":3},{"pid":315,"tid":4},{"pid":315,"tid":1},{"pid":315,"tid":3},{"pid":316,"tid":2},{"pid":316,"tid":1},{"pid":317,"tid":3},{"pid":317,"tid":1},{"pid":317,"tid":4},{"pid":318,"tid":4},{"pid":319,"tid":3},{"pid":319,"tid":2},{"pid":319,"tid":4},{"pid":320,"tid":3},{"pid":320,"tid":2},{"pid":321,"tid":2},{"pid":322,"tid":2},{"pid":322,"tid":4},{"pid":323,"tid":1},{"pid":324,"tid":4},{"pid":324,"tid":1},{"pid":325,"tid":4},{"pid":325,"tid":3},{"pid":325,"tid":1},{"pid":326,"tid":4},{"pid":326,"tid":3},{"pid":327,"tid":2},{"pid":328,"tid":1},{"pid":329,"tid":2},{"pid":330,"tid":3},{"pid":330,"tid":4},{"pid":330,"tid":2},{"pid":331,"tid":2},{"pid":331,"tid":3},{"pid":331,"tid":1},{"pid":332,"tid":1},{"pid":332,"tid":4},{"pid":333,"tid":3},{"pid":334,"tid":1},{"pid":334,"tid":3},{"pid":334,"tid":4},{"pid":335,"tid":1},{"pid":335,"tid":4},{"pid":335,"tid":2},{"pid":336,"tid":3},{"pid":336,"tid":2},{"pid":337,"tid":3},{"pid":337,"tid":2},{"pid":337,"tid":1},{"pid":338,"tid":1},{"pid":339,"tid":3},{"pid":340,"tid":4},{"pid":340,"tid":1},{"pid":340,"tid":3},{"pid":341,"tid":3},{"pid":342,"tid":2},{"pid":343,"tid":1},{"pid":343,"tid":3},{"pid":343,"tid":4},{"pid":344,"tid":3},{"pid":345,"tid":3},{"pid":345,"tid":1},{"pid":345,"tid":4},{"pid":346,"tid":4},{"pid":346,"tid":1},{"pid":346,"tid":2},{"pid":347,"tid":3},{"pid":347,"tid":1},{"pid":347,"tid":2},{"pid":348,"tid":2},{"pid":348,"tid":4},{"pid":349,"tid":4},{"pid":349,"tid":2},{"pid":350,"tid":3},{"pid":350,"tid":2},{"pid":351,"tid":3},{"pid":351,"tid":2},{"pid":351,"tid":4},{"pid":352,"tid":4},{"pid":352,"tid":2},{"pid":352,"tid":3},{"pid":353,"tid":4},{"pid":353,"tid":1},{"pid":353,"tid":3},{"pid":354,"tid":3},{"pid":354,"tid":4},{"pid":354,"tid":1},{"pid":355,"tid":2},{"pid":356,"tid":4},{"pid":356,"tid":1},{"pid":356,"tid":3},{"pid":357,"tid":3},{"pid":357,"tid":2},{"pid":357,"tid":1},{"pid":358,"tid":4},{"pid":358,"tid":1},{"pid":358,"tid":3},{"pid":359,"tid":1},{"pid":360,"tid":1},{"pid":360,"tid":3},{"pid":361,"tid":4},{"pid":362,"tid":3},{"pid":362,"tid":4},{"pid":362,"tid":1},{"pid":363,"tid":4},{"pid":363,"tid":2},{"pid":363,"tid":1},{"pid":364,"tid":3},{"pid":365,"tid":2},{"pid":365,"tid":3},{"pid":365,"tid":1},{"pid":366,"tid":1},{"pid":366,"tid":3},{"pid":366,"tid":4},{"pid":367,"tid":3},{"pid":367,"tid":2},{"pid":368,"tid":4},{"pid":368,"tid":1},{"pid":368,"tid":3},{"pid":369,"tid":1},{"pid":370,"tid":1},{"pid":370,"tid":2},{"pid":370,"tid":4},{"pid":371,"tid":1},{"pid":371,"tid":3},{"pid":372,"tid":3},{"pid":372,"tid":4},{"pid":373,"tid":2},{"pid":373,"tid":3},{"pid":374,"tid":3},{"pid":375,"tid":3},{"pid":376,"tid":3},{"pid":377,"tid":1},{"pid":377,"tid":3},{"pid":377,"tid":2},{"pid":378,"tid":3},{"pid":379,"tid":3},{"pid":379,"tid":1},{"pid":379,"tid":2},{"pid":380,"tid":2},{"pid":381,"tid":1},{"pid":381,"tid":2},{"pid":382,"tid":1},{"pid":382,"tid":2},{"pid":383,"tid":1},{"pid":384,"tid":3},{"pid":384,"tid":1},{"pid":384,"tid":2},{"pid":385,"tid":2},{"pid":385,"tid":3},{"pid":386,"tid":3},{"pid":386,"tid":4},{"pid":387,"tid":3},{"pid":388,"tid":1},{"pid":388,"tid":2},{"pid":389,"tid":4},{"pid":389,"tid":3},{"pid":390,"tid":2},{"pid":390,"tid":3},{"pid":391,"tid":4},{"pid":391,"tid":1},{"pid":391,"tid":2},{"pid":392,"tid":3},{"pid":392,"tid":4},{"pid":393,"tid":3},{"pid":393,"tid":2},{"pid":393,"tid":1},{"pid":394,"tid":1},{"pid":394,"tid":2},{"pid":395,"tid":4},{"pid":395,"tid":3},{"pid":395,"tid":2},{"pid":396,"tid":1},{"pid":396,"tid":2},{"pid":396,"tid":3},{"pid":397,"tid":1},{"pid":397,"tid":3},{"pid":398,"tid":1},{"pid":398,"tid":2},{"pid":399,"tid":1},{"pid":399,"tid":4},{"pid":399,"tid":3},{"pid":400,"tid":4},{"pid":400,"tid":2},{"pid":401,"tid":1},{"pid":401,"tid":3},{"pid":401,"tid":4},{"pid":402,"tid":4},{"pid":403,"tid":1},{"pid":404,"tid":2},{"pid":404,"tid":3},{"pid":404,"tid":4},{"pid":405,"tid":2},{"pid":405,"tid":3},{"pid":405,"tid":4},{"pid":406,"tid":1},{"pid":406,"tid":2},{"pid":407,"tid":4},{"pid":407,"tid":2},{"pid":408,"tid":1},{"pid":408,"tid":2},{"pid":409,"tid":3},{"pid":409,"tid":1},{"pid":410,"tid":3},{"pid":410,"tid":4},{"pid":410,"tid":2},{"pid":411,"tid":1},{"pid":411,"tid":2},{"pid":412,"tid":2},{"pid":413,"tid":2},{"pid":413,"tid":1},{"pid":413,"tid":3},{"pid":414,"tid":3},{"pid":414,"tid":2},{"pid":414,"tid":4},{"pid":415,"tid":4},{"pid":416,"tid":2},{"pid":416,"tid":1},{"pid":417,"tid":3},{"pid":417,"tid":2},{"pid":418,"tid":1},{"pid":419,"tid":4},{"pid":419,"tid":2},{"pid":419,"tid":1},{"pid":420,"tid":1},{"pid":420,"tid":3},{"pid":421,"tid":1},{"pid":421,"tid":2},{"pid":422,"tid":2},{"pid":422,"tid":3},{"pid":422,"tid":1},{"pid":423,"tid":4},{"pid":423,"tid":1},{"pid":423,"tid":3},{"pid":424,"tid":2},{"pid":424,"tid":4},{"pid":425,"tid":4},{"pid":426,"tid":2},{"pid":426,"tid":3},{"pid":427,"tid":4},{"pid":428,"tid":2},{"pid":428,"tid":1},{"pid":428,"tid":4},{"pid":429,"tid":4},{"pid":430,"tid":1},{"pid":430,"tid":2},{"pid":430,"tid":4},{"pid":431,"tid":3},{"pid":432,"tid":3},{"pid":432,"tid":1},{"pid":432,"tid":2},{"pid":433,"tid":3},{"pid":433,"tid":2},{"pid":434,"tid":1},{"pid":434,"tid":4},{"pid":435,"tid":1},{"pid":435,"tid":3},{"pid":436,"tid":3},{"pid":436,"tid":2},{"pid":437,"tid":3},{"pid":437,"tid":1},{"pid":438,"tid":3},{"pid":438,"tid":2},{"pid":438,"tid":1},{"pid":439,"tid":3},{"pid":439,"tid":2},{"pid":439,"tid":1},{"pid":440,"tid":3},{"pid":441,"tid":2},{"pid":442,"tid":2},{"pid":442,"tid":4},{"pid":442,"tid":1},{"pid":443,"tid":4},{"pid":444,"tid":4},{"pid":444,"tid":2},{"pid":444,"tid":3},{"pid":445,"tid":1},{"pid":445,"tid":4},{"pid":446,"tid":3},{"pid":446,"tid":2},{"pid":447,"tid":4},{"pid":447,"tid":1},{"pid":448,"tid":2},{"pid":448,"tid":1},{"pid":449,"tid":4},{"pid":450,"tid":3},{"pid":451,"tid":4},{"pid":452,"tid":2},{"pid":452,"tid":4},{"pid":452,"tid":3},{"pid":453,"tid":1},{"pid":453,"tid":3},{"pid":454,"tid":2},{"pid":454,"tid":3},{"pid":454,"tid":4},{"pid":455,"tid":2},{"pid":455,"tid":3},{"pid":455,"tid":4},{"pid":456,"tid":2},{"pid":457,"tid":2},{"pid":458,"tid":3},{"pid":458,"tid":2},{"pid":458,"tid":1},{"pid":459,"tid":2},{"pid":459,"tid":1},{"pid":459,"tid":3},{"pid":460,"tid":1},{"pid":461,"tid":4},{"pid":461,"tid":1},{"pid":462,"tid":2},{"pid":462,"tid":3},{"pid":463,"tid":2},{"pid":463,"tid":4},{"pid":463,"tid":3},{"pid":464,"tid":1},{"pid":464,"tid":2},{"pid":464,"tid":3},{"pid":465,"tid":2},{"pid":465,"tid":4},{"pid":466,"tid":1},{"pid":467,"tid":1},{"pid":467,"tid":4},{"pid":468,"tid":2},{"pid":469,"tid":4},{"pid":469,"tid":2},{"pid":470,"tid":2},{"pid":470,"tid":3},{"pid":471,"tid":4},{"pid":471,"tid":3},{"pid":472,"tid":4},{"pid":473,"tid":1},{"pid":473,"tid":2},{"pid":473,"tid":3},{"pid":474,"tid":1},{"pid":475,"tid":4},{"pid":475,"tid":3},{"pid":476,"tid":2},{"pid":477,"tid":3},{"pid":477,"tid":2},{"pid":478,"tid":4},{"pid":478,"tid":3},{"pid":479,"tid":1},{"pid":480,"tid":4},{"pid":480,"tid":2},{"pid":480,"tid":1},{"pid":481,"tid":4},{"pid":482,"tid":4},{"pid":482,"tid":1},{"pid":483,"tid":1},{"pid":483,"tid":3},{"pid":484,"tid":2},{"pid":484,"tid":1},{"pid":485,"tid":3},{"pid":485,"tid":2},{"pid":485,"tid":1},{"pid":486,"tid":4},{"pid":486,"tid":3},{"pid":487,"tid":1},{"pid":487,"tid":2},{"pid":487,"tid":3},{"pid":488,"tid":1},{"pid":488,"tid":3},{"pid":489,"tid":2},{"pid":490,"tid":1},{"pid":490,"tid":2},{"pid":490,"tid":4},{"pid":491,"tid":2},{"pid":491,"tid":4},{"pid":492,"tid":1},{"pid":493,"tid":4},{"pid":494,"tid":3},{"pid":494,"tid":2},{"pid":494,"tid":1},{"pid":495,"tid":2},{"pid":496,"tid":4},{"pid":496,"tid":3},{"pid":497,"tid":2},{"pid":497,"tid":3},{"pid":497,"tid":1},{"pid":498,"tid":1},{"pid":498,"tid":4},{"pid":499,"tid":4},{"pid":499,"tid":1},{"pid":500,"tid":2},{"pid":500,"tid":3},{"pid":501,"tid":2},{"pid":502,"tid":2},{"pid":503,"tid":2},{"pid":503,"tid":1},{"pid":504,"tid":1},{"pid":504,"tid":3},{"pid":504,"tid":4},{"pid":505,"tid":2},{"pid":506,"tid":4},{"pid":506,"tid":2},{"pid":506,"tid":3},{"pid":507,"tid":4},{"pid":507,"tid":1},{"pid":507,"tid":2},{"pid":508,"tid":4},{"pid":509,"tid":4},{"pid":509,"tid":1},{"pid":510,"tid":4},{"pid":511,"tid":4},{"pid":512,"tid":1},{"pid":513,"tid":1},{"pid":513,"tid":2},{"pid":514,"tid":3},{"pid":514,"tid":4},{"pid":514,"tid":1},{"pid":515,"tid":1},{"pid":516,"tid":3},{"pid":517,"tid":2},{"pid":517,"tid":4},{"pid":517,"tid":3},{"pid":518,"tid":3},{"pid":518,"tid":2},{"pid":519,"tid":1},{"pid":519,"tid":2},{"pid":519,"tid":3},{"pid":520,"tid":2},{"pid":520,"tid":3},{"pid":520,"tid":4},{"pid":521,"tid":3},{"pid":521,"tid":4},{"pid":521,"tid":1},{"pid":522,"tid":2},{"pid":522,"tid":4},{"pid":523,"tid":2},{"pid":523,"tid":4},{"pid":524,"tid":3},{"pid":525,"tid":3},{"pid":525,"tid":1},{"pid":526,"tid":1},{"pid":527,"tid":2},{"pid":527,"tid":4},{"pid":527,"tid":1},{"pid":528,"tid":3},{"pid":528,"tid":1},{"pid":529,"tid":4},{"pid":530,"tid":1},{"pid":531,"tid":1},{"pid":532,"tid":2},{"pid":532,"tid":1},{"pid":532,"tid":4},{"pid":533,"tid":3},{"pid":533,"tid":2},{"pid":534,"tid":2},{"pid":534,"tid":4},{"pid":534,"tid":3},{"pid":535,"tid":3},{"pid":536,"tid":3},{"pid":536,"tid":4},{"pid":537,"tid":2},{"pid":538,"tid":3},{"pid":538,"tid":1},{"pid":538,"tid":4},{"pid":539,"tid":3},{"pid":540,"tid":4},{"pid":541,"tid":2},{"pid":542,"tid":4},{"pid":542,"tid":3},{"pid":542,"tid":1},{"pid":543,"tid":3},{"pid":544,"tid":4},{"pid":545,"tid":1},{"pid":546,"tid":3},{"pid":547,"tid":3},{"pid":547,"tid":4},{"pid":547,"tid":2},{"pid":548,"tid":4},{"pid":548,"tid":3},{"pid":548,"tid":1},{"pid":549,"tid":2},{"pid":549,"tid":4},{"pid":550,"tid":2},{"pid":550,"tid":4},{"pid":551,"tid":2},{"pid":552,"tid":2},{"pid":552,"tid":4},{"pid":553,"tid":4},{"pid":553,"tid":2},{"pid":554,"tid":3},{"pid":554,"tid":4},{"pid":554,"tid":2},{"pid":555,"tid":1},{"pid":555,"tid":4},{"pid":555,"tid":3},{"pid":556,"tid":3},{"pid":556,"tid":4},{"pid":557,"tid":1},{"pid":557,"tid":2},{"pid":558,"tid":2},{"pid":558,"tid":4},{"pid":558,"tid":3},{"pid":559,"tid":2},{"pid":559,"tid":3},{"pid":559,"tid":4},{"pid":560,"tid":3},{"pid":560,"tid":1},{"pid":561,"tid":2},{"pid":561,"tid":4},{"pid":562,"tid":3},{"pid":562,"tid":1},{"pid":562,"tid":2},{"pid":563,"tid":4},{"pid":563,"tid":3},{"pid":564,"tid":2},{"pid":564,"tid":4},{"pid":564,"tid":3},{"pid":565,"tid":4},{"pid":565,"tid":2},{"pid":566,"tid":2},{"pid":566,"tid":4},{"pid":567,"tid":3},{"pid":567,"tid":1},{"pid":567,"tid":2},{"pid":568,"tid":1},{"pid":568,"tid":3},{"pid":568,"tid":4},{"pid":569,"tid":1},{"pid":570,"tid":1},{"pid":570,"tid":4},{"pid":571,"tid":4},{"pid":571,"tid":1},{"pid":572,"tid":2},{"pid":572,"tid":4},{"pid":573,"tid":2},{"pid":574,"tid":2},{"pid":574,"tid":4},{"pid":574,"tid":3},{"pid":575,"tid":2},{"pid":576,"tid":2},{"pid":577,"tid":4},{"pid":577,"tid":2},{"pid":578,"tid":4},{"pid":578,"tid":3},{"pid":578,"tid":2},{"pid":579,"tid":3},{"pid":579,"tid":4},{"pid":579,"tid":1},{"pid":580,"tid":2},{"pid":580,"tid":4},{"pid":580,"tid":1},{"pid":581,"tid":3},{"pid":581,"tid":4},{"pid":582,"tid":1},{"pid":583,"tid":3},{"pid":584,"tid":3},{"pid":584,"tid":4},{"pid":584,"tid":1},{"pid":585,"tid":2},{"pid":585,"tid":4},{"pid":585,"tid":1},{"pid":586,"tid":4},{"pid":586,"tid":1},{"pid":586,"tid":2},{"pid":587,"tid":1},{"pid":588,"tid":1},{"pid":588,"tid":2},{"pid":589,"tid":4},{"pid":589,"tid":3},{"pid":589,"tid":2},{"pid":590,"tid":3},{"pid":590,"tid":1},{"pid":591,"tid":1},{"pid":591,"tid":2},{"pid":592,"tid":3},{"pid":593,"tid":3},{"pid":594,"tid":3},{"pid":594,"tid":2},{"pid":594,"tid":1},{"pid":595,"tid":4},{"pid":596,"tid":4},{"pid":597,"tid":2},{"pid":598,"tid":4},{"pid":598,"tid":3},{"pid":598,"tid":2},{"pid":599,"tid":3},{"pid":600,"tid":4},{"pid":600,"tid":2},{"pid":601,"tid":3},{"pid":602,"tid":1},{"pid":602,"tid":4},{"pid":603,"tid":2},{"pid":603,"tid":4},{"pid":604,"tid":4},{"pid":604,"tid":1},{"pid":604,"tid":2},{"pid":605,"tid":4},{"pid":605,"tid":3},{"pid":606,"tid":3},{"pid":606,"tid":2},{"pid":606,"tid":1},{"pid":607,"tid":1},{"pid":608,"tid":1},{"pid":608,"tid":2},{"pid":608,"tid":3},{"pid":609,"tid":3},{"pid":609,"tid":1},{"pid":610,"tid":1},{"pid":611,"tid":2},{"pid":611,"tid":3},{"pid":612,"tid":2},{"pid":612,"tid":3},{"pid":613,"tid":3},{"pid":613,"tid":1},{"pid":614,"tid":3},{"pid":614,"tid":2},{"pid":614,"tid":1},{"pid":615,"tid":1},{"pid":615,"tid":3},{"pid":616,"tid":3},{"pid":617,"tid":1},{"pid":618,"tid":3},{"pid":618,"tid":4},{"pid":618,"tid":2},{"pid":619,"tid":2},{"pid":619,"tid":3},{"pid":620,"tid":3},{"pid":620,"tid":2},{"pid":621,"tid":3},{"pid":622,"tid":2},{"pid":623,"tid":4},{"pid":624,"tid":2},{"pid":625,"tid":4},{"pid":625,"tid":3},{"pid":625,"tid":2},{"pid":626,"tid":3},{"pid":626,"tid":2},{"pid":627,"tid":4},{"pid":628,"tid":4},{"pid":628,"tid":1},{"pid":629,"tid":1},{"pid":630,"tid":3},{"pid":631,"tid":4},{"pid":631,"tid":2},{"pid":631,"tid":3},{"pid":632,"tid":3},{"pid":633,"tid":3},{"pid":634,"tid":1},{"pid":634,"tid":3},{"pid":635,"tid":4},{"pid":636,"tid":1},{"pid":636,"tid":3},{"pid":637,"tid":2},{"pid":638,"tid":1},{"pid":639,"tid":4},{"pid":640,"tid":2},{"pid":640,"tid":3},{"pid":641,"tid":3},{"pid":641,"tid":1},{"pid":641,"tid":4},{"pid":642,"tid":2},{"pid":643,"tid":3},{"pid":643,"tid":1},{"pid":644,"tid":3},{"pid":645,"tid":3},{"pid":645,"tid":2},{"pid":645,"tid":1},{"pid":646,"tid":2},{"pid":646,"tid":1},{"pid":646,"tid":4},{"pid":647,"tid":4},{"pid":648,"tid":3},{"pid":648,"tid":2},{"pid":649,"tid":2},{"pid":649,"tid":1},{"pid":650,"tid":4},{"pid":650,"tid":1},{"pid":651,"tid":2},{"pid":652,"tid":1},{"pid":653,"tid":4},{"pid":653,"tid":2},{"pid":654,"tid":4},{"pid":654,"tid":1},{"pid":654,"tid":2},{"pid":655,"tid":2},{"pid":656,"tid":4},{"pid":656,"tid":3},{"pid":656,"tid":2},{"pid":657,"tid":2},{"pid":658,"tid":2},{"pid":658,"tid":1},{"pid":658,"tid":3},{"pid":659,"tid":3},{"pid":659,"tid":1},{"pid":660,"tid":3},{"pid":660,"tid":1},{"pid":661,"tid":3},{"pid":661,"tid":4},{"pid":661,"tid":2},{"pid":662,"tid":2},{"pid":663,"tid":4},{"pid":663,"tid":1},{"pid":663,"tid":2},{"pid":664,"tid":3},{"pid":664,"tid":1},{"pid":664,"tid":2},{"pid":665,"tid":3},{"pid":666,"tid":1},{"pid":667,"tid":4},{"pid":667,"tid":1},{"pid":668,"tid":3},{"pid":669,"tid":4},{"pid":669,"tid":2},{"pid":670,"tid":2},{"pid":670,"tid":1},{"pid":671,"tid":1},{"pid":672,"tid":3},{"pid":672,"tid":4},{"pid":672,"tid":2},{"pid":673,"tid":1},{"pid":673,"tid":2},{"pid":674,"tid":1},{"pid":674,"tid":2},{"pid":675,"tid":1},{"pid":675,"tid":3},{"pid":675,"tid":4},{"pid":676,"tid":1},{"pid":676,"tid":3},{"pid":677,"tid":3},{"pid":677,"tid":2},{"pid":677,"tid":1},{"pid":678,"tid":4},{"pid":678,"tid":3},{"pid":678,"tid":2},{"pid":679,"tid":2},{"pid":679,"tid":3},{"pid":679,"tid":1},{"pid":680,"tid":2},{"pid":680,"tid":4},{"pid":681,"tid":2},{"pid":681,"tid":1},{"pid":682,"tid":3},{"pid":682,"tid":2},{"pid":682,"tid":4},{"pid":683,"tid":4},{"pid":683,"tid":2},{"pid":684,"tid":3},{"pid":685,"tid":1},{"pid":685,"tid":2},{"pid":686,"tid":4},{"pid":687,"tid":4},{"pid":687,"tid":3},{"pid":688,"tid":1},{"pid":689,"tid":4},{"pid":689,"tid":1},{"pid":689,"tid":2},{"pid":690,"tid":2},{"pid":690,"tid":3},{"pid":691,"tid":1},{"pid":691,"tid":2},{"pid":692,"tid":4},{"pid":693,"tid":4},{"pid":693,"tid":3},{"pid":694,"tid":2},{"pid":694,"tid":1},{"pid":695,"tid":4},{"pid":695,"tid":1},{"pid":695,"tid":3},{"pid":696,"tid":4},{"pid":696,"tid":2},{"pid":696,"tid":1},{"pid":697,"tid":1},{"pid":697,"tid":2},{"pid":698,"tid":4},{"pid":699,"tid":2},{"pid":699,"tid":1},{"pid":700,"tid":3},{"pid":700,"tid":2},{"pid":700,"tid":4},{"pid":701,"tid":2},{"pid":701,"tid":3},{"pid":701,"tid":1},{"pid":702,"tid":2},{"pid":703,"tid":3},{"pid":704,"tid":2},{"pid":704,"tid":3},{"pid":704,"tid":4},{"pid":705,"tid":1},{"pid":705,"tid":2},{"pid":706,"tid":1},{"pid":706,"tid":2},{"pid":706,"tid":4},{"pid":707,"tid":3},{"pid":708,"tid":1},{"pid":708,"tid":3},{"pid":708,"tid":2},{"pid":709,"tid":3},{"pid":709,"tid":4},{"pid":710,"tid":1},{"pid":710,"tid":2},{"pid":711,"tid":1},{"pid":711,"tid":2},{"pid":711,"tid":3},{"pid":712,"tid":1},{"pid":712,"tid":2},{"pid":713,"tid":2},{"pid":713,"tid":3},{"pid":713,"tid":1},{"pid":714,"tid":1},{"pid":714,"tid":4},{"pid":714,"tid":2},{"pid":715,"tid":4},{"pid":716,"tid":1},{"pid":716,"tid":3},{"pid":716,"tid":2},{"pid":717,"tid":4},{"pid":717,"tid":3},{"pid":718,"tid":3},{"pid":718,"tid":4},{"pid":718,"tid":1},{"pid":719,"tid":2},{"pid":720,"tid":3},{"pid":720,"tid":4},{"pid":721,"tid":4},{"pid":721,"tid":3},{"pid":721,"tid":1},{"pid":722,"tid":4},{"pid":722,"tid":1},{"pid":723,"tid":1},{"pid":724,"tid":2},{"pid":724,"tid":1},{"pid":724,"tid":3},{"pid":725,"tid":2},{"pid":725,"tid":1},{"pid":726,"tid":4},{"pid":727,"tid":1},{"pid":728,"tid":2},{"pid":728,"tid":1},{"pid":729,"tid":3},{"pid":729,"tid":1},{"pid":729,"tid":4},{"pid":730,"tid":4},{"pid":730,"tid":2},{"pid":730,"tid":3},{"pid":731,"tid":3},{"pid":731,"tid":1},{"pid":732,"tid":4},{"pid":732,"tid":1},{"pid":732,"tid":2},{"pid":733,"tid":2},{"pid":733,"tid":4},{"pid":734,"tid":2},{"pid":734,"tid":1},{"pid":735,"tid":1},{"pid":735,"tid":4},{"pid":735,"tid":3},{"pid":736,"tid":4},{"pid":736,"tid":2},{"pid":736,"tid":3},{"pid":737,"tid":3},{"pid":737,"tid":2},{"pid":738,"tid":4},{"pid":739,"tid":1},{"pid":739,"tid":2},{"pid":740,"tid":3},{"pid":741,"tid":1},{"pid":742,"tid":4},{"pid":742,"tid":1},{"pid":743,"tid":3},{"pid":743,"tid":2},{"pid":744,"tid":1},{"pid":744,"tid":3},{"pid":745,"tid":4},{"pid":745,"tid":2},{"pid":745,"tid":1},{"pid":746,"tid":3},{"pid":746,"tid":2},{"pid":746,"tid":1},{"pid":747,"tid":4},{"pid":747,"tid":2},{"pid":747,"tid":3},{"pid":748,"tid":2},{"pid":748,"tid":1},{"pid":749,"tid":4},{"pid":749,"tid":3},{"pid":749,"tid":1},{"pid":750,"tid":2},{"pid":750,"tid":3},{"pid":750,"tid":1},{"pid":751,"tid":2},{"pid":751,"tid":3},{"pid":752,"tid":3},{"pid":752,"tid":2},{"pid":752,"tid":1},{"pid":753,"tid":4},{"pid":753,"tid":3},{"pid":753,"tid":1},{"pid":754,"tid":2},{"pid":754,"tid":1},{"pid":755,"tid":2},{"pid":756,"tid":4},{"pid":756,"tid":2},{"pid":756,"tid":1},{"pid":757,"tid":1},{"pid":757,"tid":2},{"pid":758,"tid":1},{"pid":758,"tid":3},{"pid":758,"tid":2},{"pid":759,"tid":4},{"pid":759,"tid":1},{"pid":760,"tid":2},{"pid":760,"tid":1},{"pid":761,"tid":1},{"pid":761,"tid":2},{"pid":761,"tid":4},{"pid":762,"tid":4},{"pid":762,"tid":3},{"pid":762,"tid":1},{"pid":763,"tid":4},{"pid":763,"tid":3},{"pid":764,"tid":2},{"pid":764,"tid":1},{"pid":765,"tid":3},{"pid":765,"tid":4},{"pid":765,"tid":1},{"pid":766,"tid":3},{"pid":766,"tid":1},{"pid":766,"tid":2},{"pid":767,"tid":2},{"pid":767,"tid":3},{"pid":767,"tid":4},{"pid":768,"tid":3},{"pid":768,"tid":4},{"pid":768,"tid":2},{"pid":769,"tid":2},{"pid":770,"tid":1},{"pid":771,"tid":2},{"pid":772,"tid":2},{"pid":773,"tid":1},{"pid":774,"tid":4},{"pid":775,"tid":1},{"pid":776,"tid":3},{"pid":777,"tid":4},{"pid":778,"tid":4},{"pid":779,"tid":4},{"pid":779,"tid":1},{"pid":779,"tid":3},{"pid":780,"tid":3},{"pid":780,"tid":1},{"pid":780,"tid":2},{"pid":781,"tid":3},{"pid":782,"tid":1},{"pid":783,"tid":2},{"pid":783,"tid":1},{"pid":784,"tid":1},{"pid":784,"tid":2},{"pid":785,"tid":3},{"pid":786,"tid":4},{"pid":787,"tid":3},{"pid":787,"tid":4},{"pid":788,"tid":4},{"pid":788,"tid":1},{"pid":789,"tid":4},{"pid":790,"tid":4},{"pid":790,"tid":3},{"pid":791,"tid":4},{"pid":791,"tid":3},{"pid":791,"tid":2},{"pid":792,"tid":1},{"pid":792,"tid":3},{"pid":792,"tid":2},{"pid":793,"tid":1},{"pid":793,"tid":2},{"pid":794,"tid":4},{"pid":794,"tid":2},{"pid":795,"tid":4},{"pid":795,"tid":3},{"pid":796,"tid":4},{"pid":796,"tid":3},{"pid":796,"tid":1},{"pid":797,"tid":4},{"pid":797,"tid":3},{"pid":798,"tid":4},{"pid":798,"tid":1},{"pid":798,"tid":2},{"pid":799,"tid":2},{"pid":800,"tid":4},{"pid":800,"tid":3},{"pid":801,"tid":1},{"pid":801,"tid":4},{"pid":801,"tid":3},{"pid":802,"tid":4},{"pid":802,"tid":3},{"pid":803,"tid":1},{"pid":803,"tid":4},{"pid":803,"tid":2},{"pid":804,"tid":2},{"pid":804,"tid":1},{"pid":804,"tid":3},{"pid":805,"tid":3},{"pid":806,"tid":1},{"pid":807,"tid":4},{"pid":808,"tid":3},{"pid":809,"tid":4},{"pid":810,"tid":1},{"pid":810,"tid":4},{"pid":810,"tid":3},{"pid":811,"tid":3},{"pid":812,"tid":1},{"pid":813,"tid":2},{"pid":814,"tid":4},{"pid":814,"tid":2},{"pid":815,"tid":1},{"pid":816,"tid":2},{"pid":816,"tid":1},{"pid":816,"tid":3},{"pid":817,"tid":1},{"pid":817,"tid":3},{"pid":818,"tid":2},{"pid":818,"tid":1},{"pid":819,"tid":1},{"pid":819,"tid":3},{"pid":819,"tid":4},{"pid":820,"tid":2},{"pid":821,"tid":1},{"pid":821,"tid":2},{"pid":822,"tid":2},{"pid":823,"tid":4},{"pid":823,"tid":1},{"pid":823,"tid":3},{"pid":824,"tid":2},{"pid":825,"tid":1},{"pid":825,"tid":4},{"pid":825,"tid":2},{"pid":826,"tid":1},{"pid":826,"tid":2},{"pid":827,"tid":3},{"pid":827,"tid":1},{"pid":828,"tid":2},{"pid":828,"tid":4},{"pid":829,"tid":2},{"pid":830,"tid":4},{"pid":830,"tid":2},{"pid":830,"tid":1},{"pid":831,"tid":2},{"pid":832,"tid":3},{"pid":833,"tid":2},{"pid":833,"tid":4},{"pid":833,"tid":1},{"pid":834,"tid":2},{"pid":834,"tid":1},{"pid":835,"tid":2},{"pid":835,"tid":4},{"pid":836,"tid":4},{"pid":837,"tid":2},{"pid":838,"tid":3},{"pid":838,"tid":4},{"pid":838,"tid":2},{"pid":839,"tid":2},{"pid":839,"tid":4},{"pid":839,"tid":3},{"pid":840,"tid":4},{"pid":840,"tid":1},{"pid":840,"tid":3},{"pid":841,"tid":3},{"pid":841,"tid":4},{"pid":841,"tid":2},{"pid":842,"tid":1},{"pid":842,"tid":3},{"pid":842,"tid":4},{"pid":843,"tid":3},{"pid":843,"tid":4},{"pid":844,"tid":2},{"pid":845,"tid":1},{"pid":846,"tid":1},{"pid":846,"tid":3},{"pid":846,"tid":4},{"pid":847,"tid":1},{"pid":848,"tid":4},{"pid":848,"tid":2},{"pid":849,"tid":1},{"pid":850,"tid":1},{"pid":850,"tid":2},{"pid":851,"tid":2},{"pid":852,"tid":2},{"pid":852,"tid":3},{"pid":853,"tid":4},{"pid":853,"tid":1},{"pid":853,"tid":3},{"pid":854,"tid":3},{"pid":854,"tid":1},{"pid":854,"tid":2},{"pid":855,"tid":3},{"pid":856,"tid":4},{"pid":856,"tid":1},{"pid":857,"tid":1},{"pid":857,"tid":3},{"pid":858,"tid":4},{"pid":858,"tid":3},{"pid":858,"tid":1},{"pid":859,"tid":3},{"pid":859,"tid":1},{"pid":859,"tid":2},{"pid":860,"tid":4},{"pid":860,"tid":3},{"pid":860,"tid":1},{"pid":861,"tid":3},{"pid":861,"tid":1},{"pid":861,"tid":4},{"pid":862,"tid":4},{"pid":862,"tid":1},{"pid":863,"tid":1},{"pid":863,"tid":2},{"pid":863,"tid":4},{"pid":864,"tid":3},{"pid":864,"tid":1},{"pid":864,"tid":2},{"pid":865,"tid":2},{"pid":865,"tid":1},{"pid":865,"tid":3},{"pid":866,"tid":4},{"pid":866,"tid":3},{"pid":867,"tid":4},{"pid":867,"tid":1},{"pid":868,"tid":3},{"pid":868,"tid":4},{"pid":868,"tid":2},{"pid":869,"tid":4},{"pid":869,"tid":3},{"pid":869,"tid":2},{"pid":870,"tid":4},{"pid":871,"tid":1},{"pid":872,"tid":2},{"pid":872,"tid":1},{"pid":873,"tid":4},{"pid":874,"tid":2},{"pid":875,"tid":1},{"pid":876,"tid":2},{"pid":876,"tid":3},{"pid":876,"tid":1},{"pid":877,"tid":3},{"pid":877,"tid":4},{"pid":878,"tid":4},{"pid":878,"tid":2},{"pid":878,"tid":3},{"pid":879,"tid":1},{"pid":879,"tid":2},{"pid":879,"tid":4},{"pid":880,"tid":3},{"pid":881,"tid":4},{"pid":882,"tid":3},{"pid":882,"tid":1},{"pid":882,"tid":4},{"pid":883,"tid":2},{"pid":884,"tid":2},{"pid":885,"tid":3},{"pid":885,"tid":1},{"pid":886,"tid":4},{"pid":886,"tid":1},{"pid":886,"tid":2},{"pid":887,"tid":4},{"pid":888,"tid":3},{"pid":889,"tid":3},{"pid":889,"tid":4},{"pid":889,"tid":2},{"pid":890,"tid":3},{"pid":890,"tid":2},{"pid":891,"tid":4},{"pid":891,"tid":3},{"pid":891,"tid":2},{"pid":892,"tid":3},{"pid":892,"tid":2},{"pid":893,"tid":2},{"pid":894,"tid":1},{"pid":895,"tid":4},{"pid":895,"tid":3},{"pid":896,"tid":4},{"pid":896,"tid":1},{"pid":896,"tid":3},{"pid":897,"tid":2},{"pid":897,"tid":1},{"pid":897,"tid":4},{"pid":898,"tid":4},{"pid":898,"tid":3},{"pid":898,"tid":2},{"pid":899,"tid":2},{"pid":899,"tid":4},{"pid":900,"tid":4},{"pid":900,"tid":3},{"pid":901,"tid":4},{"pid":901,"tid":3},{"pid":901,"tid":2},{"pid":902,"tid":3},{"pid":902,"tid":1},{"pid":903,"tid":1},{"pid":904,"tid":1},{"pid":905,"tid":1},{"pid":905,"tid":2},{"pid":905,"tid":4},{"pid":906,"tid":3},{"pid":906,"tid":1},{"pid":906,"tid":2},{"pid":907,"tid":4},{"pid":907,"tid":2},{"pid":908,"tid":1},{"pid":908,"tid":3},{"pid":909,"tid":2},{"pid":910,"tid":1},{"pid":910,"tid":4},{"pid":910,"tid":3},{"pid":911,"tid":1},{"pid":911,"tid":3},{"pid":911,"tid":2},{"pid":912,"tid":4},{"pid":913,"tid":2},{"pid":913,"tid":4},{"pid":914,"tid":1},{"pid":914,"tid":2},{"pid":915,"tid":4},{"pid":915,"tid":2},{"pid":916,"tid":1},{"pid":916,"tid":4},{"pid":917,"tid":4},{"pid":917,"tid":2},{"pid":917,"tid":1},{"pid":918,"tid":4},{"pid":918,"tid":1},{"pid":918,"tid":2},{"pid":919,"tid":4},{"pid":919,"tid":3},{"pid":920,"tid":2},{"pid":921,"tid":1},{"pid":922,"tid":3},{"pid":922,"tid":1},{"pid":923,"tid":4},{"pid":923,"tid":1},{"pid":923,"tid":3},{"pid":924,"tid":3},{"pid":925,"tid":4},{"pid":925,"tid":3},{"pid":925,"tid":2},{"pid":926,"tid":3},{"pid":926,"tid":1},{"pid":926,"tid":2},{"pid":927,"tid":3},{"pid":927,"tid":2},{"pid":928,"tid":4},{"pid":928,"tid":3},{"pid":929,"tid":3},{"pid":929,"tid":2},{"pid":929,"tid":1},{"pid":930,"tid":4},{"pid":930,"tid":3},{"pid":930,"tid":1},{"pid":931,"tid":2},{"pid":931,"tid":4},{"pid":932,"tid":4},{"pid":932,"tid":2},{"pid":933,"tid":2},{"pid":934,"tid":3},{"pid":934,"tid":1},{"pid":934,"tid":2},{"pid":935,"tid":3},{"pid":935,"tid":1},{"pid":935,"tid":4},{"pid":936,"tid":3},{"pid":936,"tid":2},{"pid":936,"tid":4},{"pid":937,"tid":1},{"pid":937,"tid":3},{"pid":938,"tid":1},{"pid":938,"tid":2},{"pid":939,"tid":4},{"pid":940,"tid":3},{"pid":940,"tid":4},{"pid":941,"tid":3},{"pid":942,"tid":2},{"pid":943,"tid":3},{"pid":943,"tid":1},{"pid":944,"tid":3},{"pid":944,"tid":4},{"pid":944,"tid":1},{"pid":945,"tid":2},{"pid":945,"tid":1},{"pid":945,"tid":3},{"pid":946,"tid":2},{"pid":946,"tid":3},{"pid":947,"tid":1},{"pid":947,"tid":4},{"pid":947,"tid":3},{"pid":948,"tid":3},{"pid":948,"tid":2},{"pid":949,"tid":2},{"pid":949,"tid":4},{"pid":949,"tid":1},{"pid":950,"tid":1},{"pid":950,"tid":2},{"pid":950,"tid":3},{"pid":951,"tid":1},{"pid":952,"tid":2},{"pid":952,"tid":4},{"pid":953,"tid":4},{"pid":953,"tid":2},{"pid":953,"tid":1},{"pid":954,"tid":4},{"pid":954,"tid":1},{"pid":954,"tid":3},{"pid":955,"tid":2},{"pid":956,"tid":3},{"pid":956,"tid":1},{"pid":957,"tid":3},{"pid":957,"tid":1},{"pid":958,"tid":2},{"pid":958,"tid":3},{"pid":958,"tid":4},{"pid":959,"tid":4},{"pid":959,"tid":2},{"pid":960,"tid":3},{"pid":961,"tid":2},{"pid":961,"tid":4},{"pid":962,"tid":2},{"pid":962,"tid":3},{"pid":963,"tid":1},{"pid":964,"tid":3},{"pid":964,"tid":1},{"pid":964,"tid":2},{"pid":965,"tid":4},{"pid":965,"tid":2},{"pid":965,"tid":3},{"pid":966,"tid":1},{"pid":967,"tid":1},{"pid":967,"tid":4},{"pid":967,"tid":2},{"pid":968,"tid":2},{"pid":968,"tid":3},{"pid":968,"tid":1},{"pid":969,"tid":1},{"pid":969,"tid":2},{"pid":969,"tid":4},{"pid":970,"tid":2},{"pid":971,"tid":1},{"pid":971,"tid":2},{"pid":971,"tid":3},{"pid":972,"tid":4},{"pid":972,"tid":2},{"pid":972,"tid":3},{"pid":973,"tid":4},{"pid":973,"tid":1},{"pid":974,"tid":2},{"pid":974,"tid":3},{"pid":974,"tid":1},{"pid":975,"tid":4},{"pid":975,"tid":2},{"pid":975,"tid":3},{"pid":976,"tid":2},{"pid":976,"tid":4},{"pid":976,"tid":3},{"pid":977,"tid":3},{"pid":978,"tid":1},{"pid":979,"tid":3},{"pid":979,"tid":2},{"pid":979,"tid":1},{"pid":980,"tid":3},{"pid":980,"tid":4},{"pid":980,"tid":2},{"pid":981,"tid":4},{"pid":982,"tid":2},{"pid":983,"tid":2},{"pid":983,"tid":4},{"pid":984,"tid":4},{"pid":985,"tid":1},{"pid":985,"tid":2},{"pid":986,"tid":3},{"pid":986,"tid":4},{"pid":986,"tid":1},{"pid":987,"tid":2},{"pid":987,"tid":3},{"pid":987,"tid":1},{"pid":988,"tid":2},{"pid":988,"tid":4},{"pid":988,"tid":1},{"pid":989,"tid":1},{"pid":989,"tid":3},{"pid":990,"tid":2},{"pid":991,"tid":1},{"pid":992,"tid":1},{"pid":992,"tid":2},{"pid":992,"tid":3},{"pid":993,"tid":2},{"pid":993,"tid":4},{"pid":993,"tid":3},{"pid":994,"tid":4},{"pid":994,"tid":3},{"pid":994,"tid":1},{"pid":995,"tid":4},{"pid":995,"tid":3},{"pid":996,"tid":4},{"pid":996,"tid":3},{"pid":996,"tid":2},{"pid":997,"tid":2},{"pid":997,"tid":4},{"pid":997,"tid":3},{"pid":998,"tid":1},{"pid":999,"tid":2},{"pid":1000,"tid":2},{"pid":1000,"tid":4},{"pid":1000,"tid":1}]